V1.V,-I(V1.nA),V(un1)/-I(V1.nA),
0,0,,
0.001,8.579296903027186e-11,11655966.815266088,
0.002,1.7348698483421985e-10,11528242.3169159,
0.003,2.631240684017909e-10,11401465.545215707,
0.004,3.547472681565158e-10,11275632.990174811,
0.005,4.484005909719678e-10,11150743.555359364,
0.006,5.441290188987639e-10,11026796.571414452,
0.007,6.419785306707585e-10,10903791.428486228,
0.008,7.419961237866111e-10,10781727.482852325,
0.009000000000000001,8.44229837082822e-10,10660604.025911806,
0.01,9.48728773806968e-10,10540420.271931836,
0.011,1.0555431252021807e-9,10421175.352634728,
0.012,1.164724194614192e-9,10302868.314652748,
0.013000000000000001,1.2763244221325337e-9,10185498.118322521,
0.014,1.39039740977771e-9,10069063.637164177,
0.015,1.5069979472464545e-9,9953563.657739276,
0.016,1.6261820382274343e-9,9838996.87973449,
0.017,1.748006927300033e-9,9725361.916189976,
0.018000000000000002,1.8725311274291506e-9,9612657.293827044,
0.019,1.999814448069197e-9,9500881.453449007,
0.02,2.129918023890806e-9,9390032.7503991,
0.021,2.2629043441440545e-9,9280109.455065485,
0.022,2.3988372826722862e-9,9171109.753426947,
0.023,2.53778212859097e-9,9063031.74763473,
0.024,2.6798056176463022e-9,8955873.456627581,
0.025,2.824975964268657e-9,8849632.816777654,
0.026000000000000002,2.973362894336222e-9,8744307.682565697,
0.027,3.1250376786646234e-9,8639895.827284077,
0.028,3.280073167238557e-9,8536394.943766687,
0.029,3.4385438242019266e-9,8433802.645144647,
0.03,3.6005257636232508e-9,8332116.465627135,
0.031,3.766096786053544e-9,8231333.861306469,
0.032,3.935336415894227e-9,8131452.210986804,
0.033,4.1083259395929925e-9,8032468.817035796,
0.034,4.285148444686005e-9,7934380.906258513,
0.035,4.465888859705148e-9,7837185.630793063,
0.036000000000000004,4.650633994969553e-9,7740880.069027168,
0.037,4.8394725842808945e-9,7645461.226535265,
0.038,5.032495327542604e-9,7550926.0370353125,
0.039,5.229794934323362e-9,7457271.3633648185,
0.04,5.43146616838587e-9,7364493.998475416,
0.041,5.6376058932022395e-9,7272590.666445367,
0.042,5.8483131184779065e-9,7181558.023509351,
0.043000000000000003,6.063689047706339e-9,7091392.6591049805,
0.044,6.2838371267775e-9,7002091.096935263,
0.045,6.508863093663288e-9,6913649.796046534,
0.046,6.73887502920388e-9,6826065.151921116,
0.047,6.973983409019388e-9,6739333.497584083,
0.048,7.2143011565717135e-9,6653451.104723487,
0.049,7.459943697402119e-9,6568414.1848234,
0.05,7.711029014570566e-9,6484218.890309096,
0.051000000000000004,7.96767770532341e-9,6400861.31570377,
0.052000000000000005,8.230013039016745e-9,6318337.498796058,
0.053,8.498161016323115e-9,6236643.421817797,
0.054,8.77225042975014e-9,6155775.012631289,
0.055,9.052412925500072e-9,6075728.145925435,
0.056,9.338783066699884e-9,5996498.644420181,
0.057,9.631498398032578e-9,5918082.280078391,
0.058,9.930699511800289e-9,5840474.775324811,
0.059000000000000004,1.0236530115451405e-8,5763671.804271174,
0.06,1.0549137100603756e-8,5687668.993947006,
0.061,1.0868670613597248e-8,5612461.925535398,
0.062,1.1195284127609646e-8,5538046.135613165,
0.063,1.1529134516370437e-8,5464417.117394641,
0.064,1.1870382129507795e-8,5391570.321978654,
0.065,1.2219190869565153e-8,5319501.159597908,
0.066,1.2575728270724201e-8,5248205.00087024,
0.067,1.2940165579272226e-8,5177677.178051085,
0.068,1.3312677835852304e-8,5107912.986286618,
0.069,1.369344395953601e-8,5038907.684866884,
0.07,1.4082646833758954e-8,4970656.498478386,
0.07100000000000001,1.4480473394160336e-8,4903154.6184555525,
0.07200000000000001,1.4887114718368887e-8,4836397.204030461,
0.073,1.5302766117778154e-8,4770379.383580296,
0.074,1.5727627231355317e-8,4705096.255871974,
0.075,1.6161902121528546e-8,4640542.89130336,
0.076,1.6605799372198935e-8,4576714.333140598,
0.077,1.705953218892416e-8,4513605.598750942,
0.078,1.7523318501321882e-8,4451211.680830661,
0.079,1.7997381067742232e-8,4389527.548627415,
0.08,1.8481947582259437e-8,4328548.149156688,
0.081,1.8977250784034143e-8,4268268.408411748,
0.082,1.9483528569098944e-8,4208683.232566649,
0.083,2.0001024104620718e-8,4149787.509171843,
0.084,2.052998594569474e-8,4091576.10834192,
0.085,2.1070668154726632e-8,4034043.8839350506,
0.08600000000000001,2.1623330423459528e-8,3977185.6747236825,
0.08700000000000001,2.2188238197704924e-8,3920996.305556112,
0.088,2.2765662804837347e-8,3865470.5885084695,
0.089,2.3355881584113966e-8,3810603.324026757,
0.09,2.3959178019881528e-8,3756389.302058578,
0.091,2.4575841877735116e-8,3702823.3031741194,
0.092,2.520616934369356e-8,3649900.099676109,
0.093,2.585046316645871e-8,3597614.4566983473,
0.094,2.6509032802826797e-8,3545961.133292509,
0.095,2.718219456632169e-8,3494934.883502876,
0.096,2.78702717791214e-8,3444530.4574287278,
0.097,2.8573594927351015e-8,3394742.602274044,
0.098,2.929250181981637e-8,3345566.0633842833,
0.099,3.002733775025494e-8,3296995.585269942,
0.1,3.077845566318156e-8,3249025.912616664,
0.101,3.154621632340925e-8,3201651.791281598,
0.10200000000000001,3.2330988489325636e-8,3154867.969275861,
0.10300000000000001,3.313314909000907e-8,3108669.1977328076,
0.10400000000000001,3.395308340626917e-8,3063050.2318619234,
0.105,3.479118525569848e-8,3018005.831888178,
0.106,3.564785718182464e-8,2973530.763976607,
0.107,3.65235106474534e-8,2929619.8011419955,
0.108,3.741856623229588e-8,2886267.7241434613,
0.109,3.833345383497438e-8,2843469.322363836,
0.11,3.926861287950451e-8,2801219.3946736623,
0.111,4.022449252635199e-8,2759512.7502797293,
0.112,4.1201551888166124e-8,2718344.209558003,
0.113,4.220026025029329e-8,2677708.6048708586,
0.114,4.322109729617654e-8,2637600.7813685187,
0.115,4.4264553337749073e-8,2598015.597774649,
0.116,4.533112955093314e-8,2558947.92715599,
0.117,4.642133821635643e-8,2520392.6576760206,
0.11800000000000001,4.7535702965402493e-8,2482344.693332566,
0.11900000000000001,4.8674759031712844e-8,2444798.9546793336,
0.12,4.983905350826144e-8,2407750.379531355,
0.121,5.102914561012554e-8,2371193.9236542964,
0.122,5.224560694307888e-8,2335124.5614376324,
0.123,5.348902177813578e-8,2299537.2865517163,
0.124,5.475998733217884e-8,2264427.1125887088,
0.125,5.6059114054804126e-8,2229789.0736874356,
0.126,5.73870259215226e-8,2195618.2251421497,
0.127,5.874436073345762e-8,2161909.643995286,
0.128,6.013177042368332e-8,2128658.429614211,
0.129,6.154992137035021e-8,2095859.7042520642,
0.13,6.299949471674902e-8,2063508.6135927096,
0.131,6.448118669846649e-8,2031600.327279887,
0.132,6.599570897778956e-8,2000130.039430651,
0.133,6.75437889855195e-8,1969092.9691331568,
0.134,6.912617027035947e-8,1938484.3609288987,
0.135,7.074361285604364e-8,1908299.4852794958,
0.136,7.239689360637907e-8,1878533.6390181347,
0.137,7.408680659837662e-8,1849182.1457857508,
0.138,7.581416350364869e-8,1820240.3564521095,
0.139,7.757979397825775e-8,1791703.6495218803,
0.14,7.93845460612035e-8,1763567.4315258225,
0.14100000000000001,8.122928658173889e-8,1735827.137397242,
0.14200000000000002,8.311490157571103e-8,1708478.230833846,
0.14300000000000002,8.504229671112748e-8,1681516.204645129,
0.14400000000000002,8.701239772315191e-8,1654936.5810854454,
0.145,8.902615085873767e-8,1628734.9121729287,
0.146,9.108452333111384e-8,1602906.7799943946,
0.147,9.31885037843407e-8,1577447.7969964114,
0.148,9.533910276815916e-8,1552353.6062626785,
0.149,9.753735322336143e-8,1527619.8817778933,
0.15,9.978431097791566e-8,1503242.328678284,
0.151,1.0208105525408414e-7,1479216.6834889636,
0.152,1.0442868918677743e-7,1455538.7143482976,
0.153,1.0682834035339321e-7,1432204.22121947,
0.154,1.0928116131539683e-7,1409209.0360893945,
0.155,1.1178833017189904e-7,1386549.0231552217,
0.156,1.1435105112550215e-7,1364220.078998552,
0.157,1.1697055506068205e-7,1342218.1327476087,
0.158,1.1964810013498625e-7,1320539.1462275237,
0.159,1.2238497238333148e-7,1299179.1140989414,
0.16,1.2518248633569e-7,1278134.0639851424,
0.161,1.2804198564846336e-7,1257400.0565878616,
0.162,1.309648437498448e-7,1236973.1857920226,
0.163,1.3395246449948116e-7,1216849.5787595708,
0.164,1.370062828627516e-7,1197025.3960126035,
0.165,1.401277655999863e-7,1177496.8315060048,
0.166,1.4331841197095572e-7,1158260.1126897836,
0.167,1.4657975445497066e-7,1139311.5005613032,
0.168,1.499133594869366e-7,1120647.2897076227,
0.169,1.5332082820971743e-7,1102263.8083381345,
0.17,1.568037972431704e-7,1084157.418307702,
0.171,1.6036393947021817e-7,1066324.5151305173,
0.17200000000000001,1.6400296484034175e-7,1048761.5279848352,
0.17300000000000001,1.6772262119087345e-7,1031464.9197088373,
0.17400000000000002,1.7152469508648916e-7,1014431.1867877842,
0.17500000000000002,1.7541101267730083e-7,997656.8593326751,
0.176,1.7938344057596225e-7,981138.5010506056,
0.177,1.8344388675420925e-7,964872.7092070219,
0.178,1.8759430145926334e-7,948856.1145800755,
0.179,1.9183667815054295e-7,933085.381407254,
0.18,1.9617305445712666e-7,917557.2073245092,
0.181,2.0060551315643446e-7,902268.3232980449,
0.182,2.051361831745895e-7,887215.4935489927,
0.183,2.0976724060895102e-7,872395.5154711186,
0.184,2.145009097732973e-7,857805.219541804,
0.185,2.1933946426617247e-7,843441.4692264366,
0.186,2.2428522806290128e-7,829301.160876435,
0.187,2.2934057663180244e-7,815381.2236210663,
0.188,2.3450793807513062e-7,801678.6192532612,
0.189,2.3978979429530517e-7,788190.34210957,
0.19,2.4518868218697005e-7,774913.4189444943,
0.191,2.507071948554762e-7,761844.9087993056,
0.192,2.563479828623539e-7,748981.9028655842,
0.193,2.621137554983867e-7,736321.5243436085,
0.194,2.6800728208489146e-7,723860.9282957857,
0.195,2.7403139330382913e-7,711597.3014952926,
0.196,2.801889825573916e-7,699527.8622700769,
0.197,2.864830073577097e-7,687649.8603424006,
0.198,2.92916490747353e-7,675960.5766640821,
0.199,2.994925227513066e-7,664457.3232475863,
0.2,3.0621426186111814e-7,653137.4429931319,
0.201,3.1308493655192885e-7,641998.3095119678,
0.202,3.201078468331196e-7,631037.3269459645,
0.203,3.2728636583331293e-7,620251.9297836806,
0.20400000000000001,3.346239414204945e-7,609639.5826730459,
0.20500000000000002,3.421240978580352e-7,599197.780230801,
0.20600000000000002,3.497904374974014e-7,588924.0468488518,
0.20700000000000002,3.576266425083733e-7,578815.9364976658,
0.20800000000000002,3.656364766476007e-7,568871.0325268498,
0.209,3.738237870663436e-7,559086.947463052,
0.21,3.8219250615826964e-7,549461.3228053115,
0.211,3.907466534481888e-7,539991.8288179981,
0.212,3.9949033752264177e-7,530676.1643214576,
0.213,4.084277580032642e-7,521512.0564804944,
0.214,4.175632075638745e-7,512497.26059081603,
0.215,4.2690107399224983e-7,503629.559863565,
0.216,4.364458422975968e-7,494906.7652080354,
0.217,4.4620209686470464e-7,486326.71501272154,
0.218,4.5617452365583954e-7,477887.27492478275,
0.219,4.663679124614161e-7,469586.33762805985,
0.22,4.767871592005489e-7,461421.8226197286,
0.221,4.874372682725689e-7,453391.67598571785,
0.222,4.983233549606446e-7,445493.8701749843,
0.223,5.094506478886644e-7,437726.40377274493,
0.224,5.208244915325527e-7,430087.3012727734,
0.225,5.324503487872325e-7,422574.61284885014,
0.226,5.443338035904601e-7,415186.4141254681,
0.227,5.564805636048022e-7,407920.8059478775,
0.228,5.688964629590337e-7,400775.9141515673,
0.229,5.815874650502822e-7,393749.88933126576,
0.23,5.945596654082487e-7,386840.906609554,
0.231,6.07819294622911e-7,380047.1654051581,
0.232,6.213727213370729e-7,373366.8892010278,
0.233,6.352264553052396e-7,366798.3253122521,
0.234,6.493871505202579e-7,360339.7446539101,
0.23500000000000001,6.638616084092377e-7,353989.4415089209,
0.23600000000000002,6.786567811002863e-7,347745.7332959676,
0.23700000000000002,6.937797747616201e-7,341606.9603375686,
0.23800000000000002,7.092378530146695e-7,335571.48562835855,
0.23900000000000002,7.250384404227982e-7,329637.6946036541,
0.24,7.411891260573314e-7,323803.99490836007,
0.241,7.576976671425906e-7,318068.8161662855,
0.242,7.745719927816988e-7,312430.60974992416,
0.243,7.918202077649276e-7,306887.84855076706,
0.244,8.094505964624385e-7,301439.02675019216,
0.245,8.274716268032696e-7,296082.6595909958,
0.246,8.458919543424854e-7,290817.2831496152,
0.247,8.647204264184397e-7,285641.4541090952,
0.248,8.839660864021663e-7,280553.7495328421,
0.249,9.036381780408977e-7,275552.7666392273,
0.25,9.237461498978534e-7,270637.12257706805,
0.251,9.442996598903732e-7,265805.4542020479,
0.252,9.653085799286215e-7,261056.4178541061,
0.253,9.867830006570695e-7,256388.68913584325,
0.254,0.0000010087332363010159,251800.9626919876,
0.255,0.0000010311698296205208,247291.95198994735,
0.256,0.0000010541035569740883,242860.38910149786,
0.257,0.0000010775454334945364,238505.02448563633,
0.258,0.0000011015067183795688,234224.62677263096,
0.259,0.0000011259989202995623,230017.9825493041,
0.26,0.0000011510338029251648,225883.89614558007,
0.261,0.0000011766233905773838,221821.18942232148,
0.262,0.0000012027799740028502,217828.70156048937,
0.263,0.0000012295161162770546,213905.2888516482,
0.264,0.0000012568446588383894,210049.82448984278,
0.265,0.000001284778727655845,206261.1983648797,
0.266,0.000001313331739533434,202538.31685701702,
0.267,0.000001342517408554229,198880.10263310856,
0.268,0.0000013723497526672394,195285.49444420188,
0.269,0.0000014028431004201857,191753.4469246261,
0.27,0.0000014340120978414981,188282.93039257414,
0.271,0.0000014658717154747544,184872.93065220976,
0.272,0.0000014984372555690154,181522.44879730447,
0.273,0.0000015317243594284518,178230.50101642788,
0.274,0.0000015657490149248315,174996.11839970035,
0.275,0.000001600527564176453,171818.34674712428,
0.276,0.0000016360767113972157,168696.2463785057,
0.277,0.0000016724135309196186,165628.89194497524,
0.278,0.0000017095554753954994,162615.3722421238,
0.279,0.0000017475203841784995,159654.79002475642,
0.28,0.0000017863264918922412,156746.26182327862,
0.281,0.0000018259924371883667,153888.91776171824,
0.28200000000000003,0.0000018665372716985934,151081.90137739564,
0.28300000000000003,0.0000019079804691851677,148324.36944224042,
0.28400000000000003,0.0000019503419348940175,145615.49178576868,
0.28500000000000003,0.000001993642015115181,142954.45111971837,
0.28600000000000003,0.000002037901506955011,140340.44286435368,
0.28700000000000003,0.000002083141668324972,137772.67497643264,
0.28800000000000003,0.0000021293842281516924,135250.36777885046,
0.289,0.0000021766513968132704,132772.75379195347,
0.29,0.0000022249658768068067,130339.07756652783,
0.291,0.000002274350873652298,127948.59551846262,
0.292,0.0000023248301070381214,125600.57576508833,
0.293,0.000002376427822213482,123294.29796318841,
0.294,0.0000024291688016332225,121029.05314868716,
0.295,0.0000024830783768607616,118804.14357800277,
0.296,0.0000025381824407346032,116618.88257107766,
0.297,0.0000025945074598045694,114472.59435606765,
0.298,0.0000026520804870434494,112364.61391570044,
0.299,0.000002710929174840416,110294.2868352882,
0.3,0.000002771081788282207,108260.96915240092,
0.301,0.0000028325672187286907,106264.02720818552,
0.302,0.0000028954149976891303,104302.83750033424,
0.303,0.000002959655311005953,102376.78653769102,
0.304,0.0000030253190133527514,100485.27069649355,
0.305,0.0000030924376430535305,98627.69607824244,
0.306,0.000003161043437230312,96803.47836919174,
0.307,0.00000323116934728627,95012.04270145638,
0.308,0.0000033028490547320616,93252.82351572256,
0.309,0.000003376116987362688,91525.26442556147,
0.31,0.000003451008335792827,89828.81808333311,
0.311,0.0000035275590703585587,88162.94604767268,
0.312,0.0000036058059583935125,86527.11865255354,
0.313,0.0000036857865818878115,84920.81487791556,
0.314,0.000003767539355538334,83343.52222184905,
0.315,0.000003851103545198796,81794.73657432898,
0.316,0.00000393651928673871,80273.96209248518,
0.317,0.00000402382760532017,78780.71107740133,
0.318,0.000004113070435101669,77314.50385243392,
0.319,0.0000042042906393785985,75874.86864303671,
0.32,0.000004297532031169901,74461.3414580851,
0.321,0.000004392839394260833,73073.46597268747,
0.322,0.000004490258504712065,71710.79341247148,
0.323,0.000004589836152845187,70372.8824393385,
0.324,0.00000469162016571546,69059.29903867033,
0.325,0.000004795659430082401,67769.61640798078,
0.326,0.00000490200391588935,66503.41484699839,
0.327,0.000005010704700263202,65260.281649170705,
0.328,0.000005121813992045935,64039.81099457669,
0.329,0.000005235385156869623,62841.60384423711,
0.33,0.000005351472742787021,61665.26783581031,
0.331,0.000005470132506470025,60510.41718066173,
0.332,0.000005591421439988574,59376.67256229544,
0.333,0.000005715397798182833,58263.66103613554,
0.334,0.000005842121126641963,57171.015930644084,
0.335,0.000005971652290302578,56098.376749766496,
0.336,0.000006104053502680973,55045.38907668893,
0.337,0.000006239388355753005,54011.70447889662,
0.338,0.00000637772185049591,52996.98041452189,
0.339,0.000006519120428106833,52000.88013996796,
0.34,0.000006663652001913116,51023.072618796265,
0.341,0.000006811385989989381,50063.232431866876,
0.342,0.0000069623933484974375,49121.03968871674,
0.343,0.000007116746605764818,48196.17994016505,
0.34400000000000003,0.000007274519897118279,47288.3440921334,
0.34500000000000003,0.0000074357890004890674,46397.22832066761,
0.34600000000000003,0.000007600631372807166,45522.533988148236,
0.34700000000000003,0.00000776912618720167,44663.967560679375,
0.34800000000000003,0.000007941354371025475,43821.24052664111,
0.34900000000000003,0.000008117398644722427,42994.06931639416,
0.35000000000000003,0.000008297343561555451,42182.17522312499,
0.35100000000000003,0.000008481275548215095,41385.28432481702,
0.352,0.000008669282946327515,40603.12740733815,
0.353,0.000008861456054882244,39835.43988863023,
0.354,0.00000905788717359989,39081.96174398905,
0.355,0.000009258670647260592,38342.43743242293,
0.356,0.000009463902911014758,37616.61582407635,
0.357,0.000009673682536697439,36904.25012870833,
0.358,0.000009888110280168926,36205.09782521196,
0.359,0.000010107289129704097,35518.92059216378,
0.36,0.00001033132435545391,34845.484239390455,
0.361,0.000010560323560002615,34184.55864054137,
0.362,0.000010794396730045109,33535.91766665474,
0.363,0.000011033656289209095,32899.33912070595,
0.364,0.000011278217152047562,32274.60467312564,
0.365,0.000011528196779227497,31661.49979827622,
0.366,0.000011783715233941149,31059.813711875373,
0.367,0.000012044895239567011,30469.33930935483,
0.368,0.000012311862238608537,29889.873105142105,
0.369,0.000012584744452938123,29321.215172855627,
0.37,0.00001286367294537635,28763.169086399295,
0.371,0.000013148781682634797,28215.541861948215,
0.372,0.000013440207599653764,27678.14390081171,
0.373,0.00001373809066536524,27150.78893316384,
0.374,0.00001404257394991258,26633.29396263057,
0.375,0.00001435380369335959,26125.479211721693,
0.376,0.000014671929375921632,25627.168068097464,
0.377,0.000014997103789752613,25138.18703165879,
0.378,0.00001532948311232245,24658.36566245006,
0.379,0.000015669226981419895,24187.536529364657,
0.38,0.000016016498571817068,23725.53515964189,
0.381,0.000016371464673632258,23272.199989145465,
0.382,0.00001673429577242886,22827.372313412598,
0.383,0.000017105166131088663,22390.896239463993,
0.384,0.000017484253873498864,21962.618638364336,
0.385,0.000017871741070092846,21542.38909852334,
0.386,0.000018267813825286525,21130.059879726505,
0.387,0.000018672662366850682,20725.48586788758,
0.388,0.0000190864811372642,20328.524530510436,
0.389,0.000019509468887089965,19939.03587285319,
0.39,0.000019941828770420277,19556.88239478253,
0.391,0.000020383768442435685,19181.929048310896,
0.392,0.000020835500159125602,18814.043195805432,
0.393,0.000021297240879217756,18453.09456886017,
0.394,0.000021769212368365492,18098.955227822185,
0.395,0.000022251641305642967,17751.499521962403,
0.396,0.000022744759392399553,17410.604050281945,
0.397,0.0000232488034635258,17076.147622944933,
0.398,0.000023764015601183185,16748.01122332978,
0.399,0.00002429064325105438,16426.0779706886,
0.4,0.000024828939341167716,16110.233083407575,
0.401,0.000025379162403353642,15800.363842859182,
0.402,0.000025941576697392634,15496.359557836926,
0.403,0.00002651645233791189,15198.111529565775,
0.404,0.000027104065424093264,14905.513017278861,
0.405,0.00002770469817225493,14618.459204352213,
0.406,0.00002831863905136851,14336.847164990435,
0.40700000000000003,0.000028946182921579214,14060.575831453889,
0.40800000000000003,0.000029587631175793627,13789.545961820524,
0.40900000000000003,0.000030243291884403273,13523.660108274287,
0.41000000000000003,0.00003091347994321455,13262.822585911885,
0.41100000000000003,0.000031598517224655004,13006.939442060715,
0.41200000000000003,0.00003229873273232816,12755.918426100496,
0.41300000000000003,0.000033014462758992434,12509.668959780594,
0.41400000000000003,0.0000337460510480385,12268.102108026174,
0.41500000000000004,0.00003449384895854406,12031.1305502254,
0.41600000000000004,0.000035258215633983,11798.66855199121,
0.417,0.00003603951817467238,11570.631937389679,
0.418,0.000036838131814038595,11346.938061628438,
0.419,0.00003765444009878698,11127.505784198285,
0.42,0.000038488835073062276,10912.2554424608,
0.421,0.00003934171746668786,10701.108825675361,
0.422,0.00004021349688757335,10493.989149459048,
0.423,0.000041104592018384875,10290.821030672303,
0.424,0.000042015430817569116,10091.530462724679,
0.425,0.00004294645072483099,9896.044791293343,
0.426,0.00004389809887116133,9704.292690448581,
0.427,0.000044870832293515854,9516.20413917984,
0.428,0.00004586511815424858,9331.710398316143,
0.429,0.00004688143396540459,9150.743987834796,
0.43,0.000047920267817980265,8973.238664552262,
0.431,0.00004898211861626021,8799.129400191447,
0.432,0.00005006749631734375,8628.352359819359,
0.433,0.00005117692217597545,8460.844880649503,
0.434,0.000052310928994797734,8296.545451203148,
0.435,0.00005347006138014536,8135.393690823877,
0.436,0.0000546548760035025,7977.330329540211,
0.437,0.000055865941868751945,7822.297188270114,
0.438,0.000057103840585340177,7670.237159362699,
0.439,0.00005836916664749164,7521.094187471419,
0.44,0.00005966252771960692,7374.813250753415,
0.441,0.0000609845449279777,7231.340342390318,
0.442,0.00006233585315896301,7090.622452424824,
0.443,0.0000637171013637673,6952.607549908284,
0.444,0.00006512895286996548,6817.244565354476,
0.445,0.00006657208569992727,6684.483373494278,
0.446,0.00006804719289629049,6554.274776326786,
0.447,0.00006955498285464003,6426.570486461999,
0.448,0.00007109617966355408,6301.323110750176,
0.449,0.00007267152345217665,6178.486134193622,
0.45,0.00007428177074548685,6058.013904135973,
0.451,0.0000759276948274326,5939.861614724726,
0.452,0.00007761008611210341,5823.985291642524,
0.453,0.00007932975252311998,5710.341777102823,
0.454,0.00008108751988142371,5598.888715105549,
0.455,0.00008288423230164915,5489.584536948735,
0.456,0.00008472075259727183,5382.388446991724,
0.457,0.0000865979626947245,5277.260408665944,
0.458,0.00008851676405667901,5174.161130729244,
0.459,0.0000904780781146994,5073.05205375963,
0.46,0.00009248284671147012,4973.89533688466,
0.461,0.00009453203255281272,4876.653844742528,
0.462,0.00009662661966970923,4781.291134670926,
0.463,0.00009876761389054811,4687.77144412019,
0.464,0.00010095604332382649,4596.05967828666,
0.465,0.00010319295885153104,4506.1213979630065,
0.466,0.00010547943463344355,4417.922807601483,
0.467,0.0001078165686226,4331.43074358712,
0.468,0.00011020548309216544,4246.612662716691,
0.46900000000000003,0.00011264732517396133,4163.436630880698,
0.47000000000000003,0.00011514326740891374,4081.871311944508,
0.47100000000000003,0.00011769450830968199,4001.8859568255134,
0.47200000000000003,0.00012030227293573505,3923.4503927630726,
0.47300000000000003,0.0001229678134811556,3846.535012777841,
0.47400000000000003,0.00012569240987544774,3771.1107653174954,
0.47500000000000003,0.00012847737039763883,3697.149144085608,
0.47600000000000003,0.00013132403230397107,3624.622178050547,
0.47700000000000004,0.0001342337624694745,3553.5024216316106,
0.47800000000000004,0.00013720795804374094,3483.7629450590393,
0.47900000000000004,0.00014024804712120092,3415.377324905303,
0.48,0.00014335548942622894,3348.3196347846106,
0.481,0.00014653177701340805,3282.5644362177304,
0.482,0.00014977843498328053,3218.0867696594955,
0.483,0.0001530970222139322,3154.8621456861088,
0.484,0.00015648913210875913,3092.8665363395494,
0.485,0.000159956393360775,3032.0763666263883,
0.486,0.00016350047073381978,2972.4685061684763,
0.487,0.0001671230658610476,2914.0202610028114,
0.488,0.0001708259180610742,2856.709365528062,
0.489,0.00017461080517217336,2800.5139745952497,
0.49,0.00017847954440491717,2745.412655740174,
0.491,0.00018243399321367615,2691.3843815550063,
0.492,0.00018647605018738312,2638.4085221968544,
0.493,0.00019060765596000018,2586.4648380307353,
0.494,0.00019483079414110816,2535.533472404858,
0.495,0.00019914749226707516,2485.5949445557635,
0.496,0.00020355982277325005,2436.630142641192,
0.497,0.00020806990398765255,2388.6203168983698,
0.498,0.00021267990114662126,2341.547072925708,
0.499,0.00021739202743291988,2295.3923650855836,
0.5,0.0002222085450367829,2250.138490026265,
0.501,0.00022713176624041665,2205.7680803208154,
0.502,0.00023216405452646335,2162.264098221024,
0.503,0.00023730782571096596,2119.6098295242878,
0.504,0.00024256554910136893,2077.788877551514,
0.505,0.0002479397486801002,2036.785157234176,
0.506,0.00025343300431431953,1996.5828893084304,
0.507,0.000259047952992377,1957.1665946147025,
0.508,0.0002647872900876004,1918.521088500648,
0.509,0.00027065377064999763,1880.6314753258157,
0.51,0.00027665021072649184,1843.483143066201,
0.511,0.00028277948871031905,1807.061758016938,
0.512,0.0002890445467202272,1771.3532595914237,
0.513,0.0002954483920101381,1736.34385521515,
0.514,0.0003019940984099385,1702.0200153126054,
0.515,0.00030868480779808405,1668.3684683856234,
0.516,0.00031552373160672237,1635.3761961815185,
0.517,0.00032251415236004454,1603.0304289494795,
0.518,0.0003296594252465998,1571.3186407836304,
0.519,0.00033696297972631267,1540.2285450512725,
0.52,0.00034442832117298917,1509.7480899046916,
0.521,0.00035205903255304554,1479.8654538752667,
0.522,0.0003598587761413232,1450.5690415481238,
0.523,0.0003678312952747277,1421.8474793162425,
0.524,0.00037598041614459566,1393.6896112122993,
0.525,0.00038431004962858554,1366.0844948170977,
0.526,0.00039282419316299336,1339.021397243088,
0.527,0.00040152693265636217,1312.4897911917185,
0.528,0.0004104224444453116,1286.4793510832362,
0.529,0.00041951499729348717,1260.9799492577345,
0.53,0.00042880895443460213,1235.981652246095,
0.531,0.00043830877566052707,1211.474717109618,
0.532,0.00044801901945541327,1187.449587847117,
0.533,0.000457944345176866,1163.8968918682601,
0.534,0.0004680895152852011,1140.8074365319644,
0.535,0.0004784593976218226,1118.172205748726,
0.536,0.0004890589677378211,1095.9823566456785,
0.537,0.0004998933112738891,1074.229216293275,
0.538,0.0005109676263926428,1052.904278492557,
0.539,0.0005222872262645667,1031.9992006217808,
0.54,0.0005338575416086829,1011.5058005414852,
0.541,0.0005456841232891852,991.4160535568618,
0.542,0.0005577726449692676,971.7220894363929,
0.543,0.0005701289058233545,952.4161894858214,
0.544,0.0005827588333090779,933.4907836763388,
0.545,0.0005956684860002252,914.938447826152,
0.546,0.0006088640564820837,896.7519008343145,
0.547,0.0006223518743104481,878.924001966032,
0.548,0.0006361384090357814,861.4477481883604,
0.549,0.000650230273293853,844.3162715555312,
0.55,0.0006646342259643814,827.5228366428954,
0.551,0.0006793571753991531,811.06083802863,
0.552,0.0006944061827210734,794.9237978224129,
0.553,0.0007097884651957807,779.1053632401116,
0.554,0.0007255113996773606,763.5993042237066,
0.555,0.0007415825261297607,748.3995111056422,
0.556,0.0007580095512256093,733.4999923167401,
0.557,0.0007748003520240718,718.8948721369386,
0.558,0.0007919629797294706,704.5783884880694,
0.559,0.000809505663532485,690.5448907678552,
0.56,0.0008274368145356404,676.7888377244533,
0.561,0.0008457650297649766,663.3047953707571,
0.562,0.0008644990962697616,650.0874349377358,
0.5630000000000001,0.0008836479953121513,637.1315308661099,
0.5640000000000001,0.0009032209066487525,624.4319588356585,
0.5650000000000001,0.0009232272129060815,611.9836938314736,
0.5660000000000001,0.0009436765040519701,599.7818082464722,
0.5670000000000001,0.0009645785819649713,587.8214700195268,
0.5680000000000001,0.000985943465103939,576.097940808524,
0.5690000000000001,0.0010077813932798723,564.6065741977658,
0.5700000000000001,0.0010301028325323271,553.3428139390269,
0.5710000000000001,0.001052918480112599,542.3021922256863,
0.5720000000000001,0.0010762392695760133,531.4803279993125,
0.5730000000000001,0.0011000763759856553,520.8729252881182,
0.5740000000000001,0.0011244412212299936,510.4757715766753,
0.5750000000000001,0.0011493454794567984,500.2847362063455,
0.5760000000000001,0.0011748010826259322,490.29576880582766,
0.577,0.0012008202261834888,480.5048977513081,
0.578,0.001227415374860024,470.90822865561364,
0.579,0.0012545992685953705,461.50194288590586,
0.58,0.0012823849285929813,452.2822961093044,
0.581,0.0013107856635063639,443.24561686600964,
0.582,0.0013398150757606563,434.3883051693382,
0.583,0.0013694870680120805,425.7068311322362,
0.584,0.001399815849748298,417.197733619754,
0.585,0.0014308159440327617,408.8576189269842,
0.586,0.0014625021943960028,400.68315948203514,
0.587,0.0014948897718771224,392.6710925735402,
0.588,0.0015279941822186548,384.818219102262,
0.589,0.001561831273218097,377.12140235634206,
0.59,0.0015964172422394435,369.5775668097595,
0.591,0.0016317686438880993,362.1836969435776,
0.592,0.0016679023978528095,354.93683608952,
0.593,0.0017048357969179488,347.834085295512,
0.594,0.0017425865151499706,340.87260221273954,
0.595,0.0017811726162616456,334.0496000038423,
0.596,0.0018206125621579123,327.3623462718398,
0.597,0.0018609252216671057,320.8081620094218,
0.598,0.001902129879461666,314.38442056819156,
0.599,0.0019442462451721239,308.0885466475316,
0.6,0.001987294462698673,301.91801530268543,
0.601,0.002031295119724336,295.8703509717292,
0.602,0.002076269257434125,289.94312652105526,
0.603,0.0021222383804444128,284.1339623090443,
0.604,0.002169224466947045,278.44052526757014,
0.605,0.0022172499790726772,272.8605280010104,
0.606,0.002266337873477979,267.39172790243197,
0.607,0.0023165116121613236,262.0319262866393,
0.608,0.002367795173511867,256.77896753975824,
0.609,0.0024202130635968704,251.6307382850487,
0.61,0.0024737903276921837,246.5851665646511,
0.611,0.0025285525620610577,241.64022103695783,
0.612,0.0025845259259864627,236.79391018931707,
0.613,0.002641737154062162,232.04428156578658,
0.614,0.002700213568747912,227.38942100965428,
0.615,0.0027599830931943556,222.8274519204427,
0.616,0.0028210742643431197,218.35653452513208,
0.617,0.0028835162463078557,213.97486516333177,
0.618,0.0029473388440420813,209.68067558613438,
0.619,0.0030125725172996474,205.4722322684028,
0.62,0.0030792483948939497,201.34783573423053,
0.621,0.003147398289261985,197.30581989533158,
0.622,0.0032170547113395615,193.3445514021125,
0.623,0.0032882508857540404,189.46242900718863,
0.624,0.003361020766340968,185.65788294111857,
0.625,0.0034353990519914984,181.92937430010872,
0.626,0.003511421202837088,178.27539444547895,
0.627,0.003589123456778497,174.69446441465647,
0.628,0.0036685428463659638,171.1851343434882,
0.629,0.0037497172160378235,167.74598289964894,
0.63,0.003832685239724579,164.37561672694846,
0.631,0.003917486438826201,161.07266990031164,
0.632,0.004004161200569668,157.8358033912536,
0.633,0.004092750796754823,154.6637045436314,
0.634,0.004183297402896081,151.55508655948876,
0.635,0.0042758441177680045,148.50868799479778,
0.636,0.004370434983362707,145.5232722649149,
0.637,0.004467115005267458,142.5976271595589,
0.638,0.004565930173470601,139.7305643671399,
0.639,0.00466692748360444,136.9209190082544,
0.64,0.0047701549586336165,134.16754917817687,
0.641,0.004875661670997718,131.46933549817675,
0.642,0.004983497765217232,128.82518067548787,
0.643,0.005093714480971668,126.2340090717732,
0.644,0.005206364176658981,123.6947662799237,
0.645,0.005321500353446177,121.20641870902091,
0.646,0.005439177679819946,118.76795317732379,
0.647,0.005559452016647369,116.37837651311789,
0.648,0.005682380442756465,114.0367151632779,
0.649,0.005808021281046458,111.74201480939938,
0.65,0.005936434125137954,109.49333999135297,
0.651,0.00606767986657317,107.28977373812303,
0.652,0.006201820722576941,105.13041720578552,
0.653,0.006338920264388631,103.01438932249762,
0.654,0.006479043446176203,100.94082644035629,
0.655,0.006622256634542829,98.90888199400298,
0.656,0.006768627638637475,96.91772616583957,
0.657,0.006918225740880598,94.96654555773033,
0.658,0.007071121728315894,93.0545428690723,
0.659,0.007227387924600457,91.1809365810997,
0.66,0.007387098222644057,89.3449606473172,
0.661,0.007550328117910008,87.54586418993539,
0.662,0.007717154742389418,85.78291120219637,
0.663,0.007887656899260796,84.05538025647822,
0.664,0.008061915098247439,82.36256421806594,
0.665,0.00824001159168507,80.70376996447995,
0.666,0.008422030411312053,79.07831811025783,
0.667,0.008608057405795157,77.48554273708248,
0.668,0.008798180279003377,75.92479112915704,
0.669,0.008992488629043416,74.39542351372042,
0.67,0.009191073988068971,72.89681280661368,
0.671,0.00939402986287818,71.42834436279047,
0.672,0.009601451776311823,69.9894157316836,
0.673,0.009813437309465807,68.57943641733364,
0.674,0.010030086144732336,67.19782764318286,
0.675,0.010251500109682413,65.84402212145235,
0.676,0.010477783221804418,64.51746382700821,
0.677,0.010709041734112138,63.21760777563433,
0.678,0.010945384181636778,61.94391980662406,
0.679,0.011186921428816481,60.695876369611256,
0.68,0.011433766717798364,59.47296431555478,
0.681,0.011686035717666812,58.274680691799716,
0.682,0.011943846574612716,57.10053254113524,
0.683,0.012207319963057415,55.95003670477542,
0.684,0.012476579137747612,54.822719629178906,
0.685,0.012751749986833382,53.718117176645244,
0.686,0.013032961085945682,52.63577443960605,
0.687,0.013320343753287587,51.575245558542136,
0.6880000000000001,0.013614032105753189,50.5360935434592,
0.6890000000000001,0.013914163116089773,49.5178900988496,
0.6900000000000001,0.014220876671116952,48.52021545207629,
0.6910000000000001,0.014534315631018197,47.54265818511004,
0.6920000000000001,0.014854625889718732,46.58481506955695,
0.6930000000000001,0.015181956436364647,45.646290904911886,
0.6940000000000001,0.015516459417917242,44.72669835997644,
0.6950000000000001,0.015858290202877618,43.825657817378485,
0.6960000000000001,0.01620760744615513,42.942797221135166,
0.6970000000000001,0.016564573155094242,42.07775192719927,
0.6980000000000001,0.016929352756673677,41.23016455693165,
0.6990000000000001,0.017302115165891224,40.399684853444036,
0.7000000000000001,0.0176830328553493,39.58596954075346,
0.7010000000000001,0.018072281926052477,38.78868218569891,
0.7020000000000001,0.0184700421794324,38.007493062561764,
0.7030000000000001,0.018876497190612063,37.24207902033998,
0.704,0.01929183438292147,36.49212335262591,
0.705,0.01971624510367887,35.75731567003361,
0.706,0.02014992470124798,35.037351775129665,
0.707,0.020593072603383895,34.331933539816895,
0.708,0.021045892396878447,33.640768785124614,
0.709,0.02150859190851639,32.96357116335771,
0.71,0.021981383287352885,32.30006004255895,
0.711,0.022464483088321333,31.64996039324089,
0.712,0.022958112357182675,31.01300267734092,
0.713,0.023462496716823433,30.38892273935851,
0.714,0.023977866454911644,29.777461699631065,
0.715,0.024504456612918356,29.178365849706843,
0.716,0.025042507076511508,28.591386549774345,
0.717,0.025592262667327757,28.01628012810898,
0.718,0.026153973236129602,27.452807782495583,
0.719,0.026727893757349862,26.900735483591305,
0.72,0.027314284425029988,26.359833880188113,
0.721,0.027913410750152804,25.829878206340407,
0.722,0.02852554365937317,25.31064819031973,
0.723,0.029150959595146648,24.801927965361816,
0.724,0.029789940617256115,24.303505982170904,
0.725,0.03044277450573544,23.81517492314669,
0.726,0.031109754865186523,23.336731618301265,
0.727,0.03179118123048768,22.867976962831705,
0.728,0.032487359173886336,22.40871583631746,
0.729,0.03319860041347122,21.958757023509605,
0.73,0.03392522292301484,21.51791313668181,
0.731,0.03466755104317691,21.08600053951234,
0.732,0.035425915594058936,20.662839272466375,
0.733,0.03620065398909543,20.248252979650545,
0.734,0.03699211035026716,19.842068837110805,
0.735,0.03780063562462314,19.444117482543728,
0.736,0.03862658770208858,19.05423294639624,
0.737,0.039470331534542116,18.67225258432453,
0.738,0.04033223925613715,18.298017010987117,
0.739,0.04121269030484637,17.931370035144198,
0.74,0.04211207154519882,17.5721585960396,
0.741,0.04303077739218316,17.22023270103895,
0.742,0.0439692099362835,16.875445364500393,
0.743,0.04492777906961612,16.537652547852694,
0.744,0.04590690261312753,16.2067131008583,
0.745,0.046907006444818225,15.882488704036657,
0.746,0.04792852462894399,15.564843812227247,
0.747,0.0489718995461575,15.253645599267184,
0.748,0.05003758202453441,14.948763903764192,
0.749,0.05112603147143685,14.650071175941989,
0.75,0.05223771600615933,14.357442425537284,
0.751,0.0533731125932986,14.070755170727926,
0.752,0.05453270717678417,13.78988938807248,
0.753,0.05571699481450994,13.514727463439973,
0.754,0.05692647981349115,13.245154143912261,
0.755,0.058161675865481016,12.981056490638244,
0.756,0.05942310618296612,12.722323832622378,
0.757,0.06071130363546341,12.468847721428471,
0.758,0.062026810886030376,12.220521886781642,
0.759,0.0633701805279072,11.97724219304928,
0.76,0.06474197522118887,11.73890659658567,
0.761,0.06614276782943841,11.505415103921594,
0.762,0.06757314155613198,11.276669730783764,
0.763,0.06903369008083741,11.052574461926321,
0.764,0.07052501769500616,10.833035211760018,
0.765,0.0720477394372727,10.617959785761716,
0.766,0.07360248122813105,10.407257842650457,
0.767,0.07518988000386728,10.200840857314182,
0.768,0.07681058384961989,9.998622084472029,
0.769,0.07846525213142541,9.800516523058679,
0.77,0.08015455562711218,9.606440881315901,
0.771,0.08187917665589456,9.416313542577557,
0.772,0.08363980920651852,9.23005453173408,
0.773,0.08543715906379196,9.047585482364141,
0.774,0.08727194393335122,8.868829604518684,
0.775,0.08914489356447959,8.693711653146268,
0.776,0.09105674987081736,8.522157897145625,
0.777,0.09300826704877395,8.354096089034083,
0.778,0.09500021169346402,8.189455435219058,
0.779,0.09703336291196776,8.028166566861518,
0.78,0.0991085124337326,7.8701615113185674,
0.781,0.1012264647178972,7.715373664155204,
0.782,0.1033880370573456,7.56373776171273,
0.783,0.1055940596792672,7.415189854223756,
0.784,0.1078453758420098,7.269667279462554,
0.785,0.11014284192800071,7.12710863692029,
0.786,0.11248732753250204,6.9874537624951,
0.787,0.11487971554797291,6.850643703686354,
0.788,0.11732090224379445,6.716620695283481,
0.789,0.11981179734110964,6.585328135539784,
0.79,0.12235332408253338,6.456710562821374,
0.791,0.12494641929648342,6.330713632721626,
0.792,0.12759203345585676,6.207284095632896,
0.793,0.13029113073080628,6.086369774765502,
0.794,0.13304468903534272,5.967919544605629,
0.795,0.13585370006749004,5.851883309803533,
0.796,0.13871916934272469,5.738211984483364,
0.797,0.14164211622041792,5.626857471966458,
0.798,0.14462357392300285,5.517772644899876,
0.799,0.14766458954758538,5.410911325782135,
0.8,0.15076622406971055,5.306228267878487,
0.801,0.15392955233900135,5.2036791365178905,
0.802,0.15715566306638282,5.103220490764204,
0.803,0.16044565880260006,5.004809765454291,
0.804,0.16380065590774706,4.908405253595657,
0.805,0.16722178451151207,4.813966089116705,
0.806,0.17071018846386007,4.721452229962437,
0.807,0.1742670252758546,4.630824441529118,
0.808,0.17789346605035064,4.542044280430767,
0.809,0.18159069540226,4.455074078591427,
0.81,0.1853599113681262,4.369876927656346,
0.811,0.1892023253047267,4.286416663716022,
0.812,0.19311916177642743,4.204657852337026,
0.8130000000000001,0.19711165843104242,4.124565773893177,
0.8140000000000001,0.20118106586391987,4.046106409191582,
0.8150000000000001,0.20532864747001597,3.9692464253874467,
0.8160000000000001,0.20955567928371513,3.893953162181907,
0.8170000000000001,0.21386344980614108,3.8201946182976982,
0.8180000000000001,0.21825325981976168,3.747939438226592,
0.8190000000000001,0.22272642219004793,3.677156899243701,
0.8200000000000001,0.22728426165398768,3.607816898683241,
0.8210000000000001,0.2319281145952759,3.539889941470351,
0.8220000000000001,0.2366593288059721,3.473347127904374,
0.8230000000000001,0.2414792632344819,3.4081601416882252,
0.8240000000000001,0.2463892877197052,3.3443012381990824,
0.8250000000000001,0.2513907827112001,3.2817432329958067,
0.8260000000000001,0.25648513897526426,3.2204594905580883,
0.8270000000000001,0.26167375728680464,3.160423913253081,
0.8280000000000001,0.26695804810693297,3.101610930524693,
0.8290000000000001,0.27233943124620164,3.0439954883013742,
0.8300000000000001,0.27781933551344484,2.9875530386179077,
0.8310000000000001,0.2833991983501972,2.932259529446978,
0.8320000000000001,0.2890804654506727,2.8780913947364897,
0.833,0.29486459036733703,2.8250255446483536,
0.834,0.3007530341021104,2.7730393559948054,
0.835,0.30674726468324987,2.722110662868433,
0.836,0.3128487567280195,2.6722177474618865,
0.837,0.31905899099125273,2.6233393310735664,
0.838,0.32537945389993894,2.5754545652956398,
0.839,0.33181163707402067,2.528543023380568,
0.84,0.3383570368335673,2.4825846917827903,
0.841,0.345017153692568,2.437559961871878,
0.842,0.3517934918395713,2.393449621813862,
0.843,0.358687558605465,2.3502348486172333,
0.844,0.36570086391868967,2.307897200340374,
0.845,0.3728349197482155,2.266418608457194,
0.846,0.3800912395346484,2.2257813703777307,
0.847,0.3874713376098579,2.185968142120587,
0.848,0.3949767286055292,2.1469619311342107,
0.849,0.4026089268511028,2.1087460892639034,
0.85,0.410369445761566,2.0713043058616734,
0.851,0.41825979721560197,2.0346206010359915,
0.852,0.42628149092462814,1.9986793190386118,
0.853,0.4344360337932606,1.9634651217857437,
0.854,0.44272492927182333,1.928962982510666,
0.855,0.4511496767014825,1.8951581795452286,
0.856,0.45971177065264374,1.8620362902275782,
0.857,0.468412700257279,1.8295831849334714,
0.858,0.47725394853585473,1.7977850212286737,
0.859,0.4862369917195686,1.7666282381399276,
0.86,0.4953632985686132,1.7360995505420567,
0.861,0.5046343296872212,1.7061859436587652,
0.862,0.5140515368362272,1.676874667674861,
0.863,0.5236163622439556,1.648153232457476,
0.864,0.5333302379162196,1.6200094023840537,
0.865,0.5431945849462058,1.5924311912749711,
0.866,0.5532108128251193,1.5654068574284348,
0.867,0.5633803187543626,1.5389248987556798,
0.868,0.5737044869601341,1.512974048014228,
0.869,0.584184688011257,1.4875432681372414,
0.87,0.5948222781411086,1.4626217476568886,
0.871,0.6056185985744713,1.4381988962198218,
0.872,0.6165749748602295,1.4142643401926465,
0.873,0.6276927162106565,1.3908079183557347,
0.874,0.6389731148482547,1.3678196776832467,
0.875,0.6504174453609105,1.345289869207722,
0.876,0.662026964066235,1.3232089439673598,
0.877,0.6738029083859114,1.30156754903425,
0.878,0.6857464962308878,1.2803565236217864,
0.879,0.697858925398171,1.2595668952696666,
0.88,0.7101413729800421,1.2391898761047564,
0.881,0.7225949947864954,1.2192168591761536,
0.882,0.7352209247815606,1.1996394148630203,
0.883,0.748020274534323,1.1804492873534853,
0.884,0.7609941326853464,1.1616383911931074,
0.885,0.7741435644290919,1.143198807901557,
0.886,0.787469611013125,1.1251227826558412,
0.887,0.8009732892546105,1.107402721038858,
0.888,0.8146555910747921,1.0900311858517329,
0.889,0.8285174830519568,1.0730008939886793,
0.89,0.8425599059934642,1.0563047133729906,
0.891,0.8567837745273404,1.039935659952869,
0.892,0.8711899767138456,1.0238868947558952,
0.893,0.8857793736775493,1.0081517210007638,
0.894,0.9005527992602113,0.9927235812652027,
0.895,0.9155110596948941,0.9775960547087987,
0.896,0.9306549333015921,0.9627628543496243,
0.897,0.9459851702046713,0.9482178243935124,
0.898,0.9615024920723507,0.9339549376148967,
0.899,0.9772075918784531,0.9199682927881094,
0.9,0.9931011336865692,0.9062521121681122,
0.901,1.0091837524567535,0.8928007390196371,
0.902,1.025456053874878,0.8796086351937012,
0.903,1.0419186142045997,0.8666703787505993,
0.904,1.05857198016208,0.8539806616283068,
0.905,1.0754166688133056,0.8415342873554713,
0.906,1.092453167493987,0.8293261688080434,
0.907,1.1096819337519368,0.8173513260086605,
0.908,1.1271033953117826,0.8056048839679224,
0.909,1.1447179500617952,0.7940820705667536,
0.91,1.1625259660626701,0.7827782144789902,
0.911,1.1805277815779611,0.7716887431334358,
0.912,1.1987237051259363,0.7608091807145723,
0.913,1.2171140155525104,0.7501351462011902,
0.914,1.2356989621248837,0.7396623514422183,
0.915,1.2544787646455875,0.7293865992689831,
0.916,1.2734536135864687,0.719303781643243,
0.917,1.292623670242196,0.7094098778403027,
0.918,1.3119890669028866,0.6997009526665136,
0.919,1.331549907045285,0.6901731547105621,
0.92,1.3513062655421013,0.6808227146278532,
0.921,1.371258188888904,0.6716459434574193,
0.922,1.3914056954480662,0.6626392309707297,
0.923,1.4117487757092557,0.6537990440517927,
0.924,1.4322873925657802,0.6451219251080322,
0.925,1.4530214816063545,0.6366044905113086,
0.926,1.4739509514215605,0.6282434290685955,
0.927,1.4950756839245152,0.620035500521727,
0.928,1.516395534684991,0.6119775340757505,
0.929,1.5379103332765232,0.6040664269553104,
0.93,1.5596198836357758,0.5962991429886044,
0.931,1.5815239644335344,0.5886727112184247,
0.932,1.6036223294567333,0.581184224539788,
0.933,1.6259147080008647,0.573830838363696,
0.934,1.6484008052721244,0.5666097693065685,
0.935,1.6710803027986658,0.5595182939049042,
0.936,1.6939528588503345,0.552553747354724,
0.937,1.7170181088662178,0.5457135222753826,
0.9380000000000001,1.740275665889462,0.5389950674973004,
0.9390000000000001,1.7637251210086464,0.5323958868732339,
0.9400000000000001,1.7873660438051904,0.5259135381126515,
0.9410000000000001,1.8111979828061027,0.5195456316388458,
0.9420000000000001,1.8352204659415727,0.5132898294683633,
0.9430000000000001,1.8594330010067373,0.5071438441123931,
0.9440000000000001,1.8838350761271196,0.5011054374997208,
0.9450000000000001,1.9084261602270935,0.49517241992089944,
0.9460000000000001,1.9332057035009613,0.48934264899323976,
0.9470000000000001,1.958173137885931,0.4836140286463093,
0.9480000000000001,1.9833278775366472,0.47798450812754395,
0.9490000000000001,2.0086693193006266,0.47245208102766284,
0.9500000000000001,2.034196843194208,0.4670147843255217,
0.9510000000000001,2.059909812878455,0.4616706974520898,
0.9520000000000001,2.085807576134654,0.4564179413731986,
0.9530000000000001,2.1118894653388187,0.45125467769076943,
0.9540000000000001,2.1381547979348925,0.4461791077621732,
0.9550000000000001,2.164602876906222,0.44118947183741264,
0.9560000000000001,2.1912329912447635,0.43628404821384587,
0.9570000000000001,2.218044416417898,0.43146115240809196,
0.9580000000000001,2.2450364148321986,0.42671913634487935,
0.9590000000000001,2.2722082362940528,0.42205638756248803,
0.96,2.2995591184666155,0.4174713284345323,
0.961,2.3270882873229164,0.412962415407769,
0.962,2.35479495759474,0.40852813825566214,
0.963,2.3826783332170347,0.4041670193474168,
0.964,2.410737607767572,0.39987761293220875,
0.965,2.4389719649015595,0.3956585044383439,
0.966,2.46738057878107,0.3915083097870622,
0.967,2.495962614499021,0.3874256747207298,
0.968,2.52471722849743,0.383409274145168,
0.969,2.553643568979876,0.3794578114858425,
0.97,2.582740776317895,0.37557001805767287,
0.971,2.612007983451218,0.3717446524482012,
0.972,2.641444316281642,0.36798049991388165,
0.973,2.6710488940604584,0.3642763717892378,
0.974,2.7008208297693024,0.36063110490864986,
0.975,2.730759230494226,0.35704356104054613,
0.976,2.7608631977931055,0.35351262633373687,
0.977,2.791131828056045,0.3500372107756933,
0.978,2.821564212858926,0.3466162476625155,
0.979,2.852159439309877,0.3432486930803854,
0.98,2.8829165903887626,0.3399335253982657,
0.981,2.9138347452794933,0.33666974477164563,
0.982,2.9449129796952462,0.3334563726571038,
0.983,2.976150366196545,0.3302924513374815,
0.984,3.00754597450218,0.32717704345745713,
0.985,3.039098871792911,0.32410923156932403,
0.986,3.070808123008133,0.3210881176887484,
0.987,3.1026727911352445,0.31811282286033915,
0.988,3.134691937492035,0.3151824867328005,
0.989,3.1668646220019068,0.3122962671434979,
0.99,3.1991899034620364,0.30945333971223815,
0.991,3.231666839804579,0.3066528974440714,
0.992,3.264294488350838,0.30389415034094264,
0.993,3.297071906058559,0.3011763250220007,
0.994,3.3299981497623485,0.2984986643523927,
0.995,3.363072276407323,0.29586042708036325,
0.996,3.396293343276033,0.29326088748248924,
0.997,3.429660408208673,0.2906993350168851,
0.998,3.4631725298168385,0.28817507398419523,
0.999,3.496828767690669,0.28568742319623125,
1,3.530628182599625,0.28323571565207795,
1.0010000000000001,3.564569836686963,0.2808192982215113,
1.002,3.5986527936579273,0.2784375313355795,
1.0030000000000001,3.632876118961861,0.2760897886841844,
1.004,3.6672388799681888,0.2737754569205236,
1.0050000000000001,3.7017401461365007,0.2714939353722375,
1.006,3.7363789891807793,0.2692446357591179,
1.0070000000000001,3.7711544832278383,0.26702698191724045,
1.008,3.8060657049701394,0.2648404095293747,
1.0090000000000001,3.8411117338130203,0.2626843658615417,
1.01,3.876291652016533,0.2605583095055749,
1.0110000000000001,3.9116045448318992,0.2584617101275629,
1.012,3.947049500632649,0.2563940482220435,
1.0130000000000001,3.9826256110408313,0.25435481487180506,
1.014,4.018331971047942,0.252343511513201,
1.0150000000000001,4.0541676791311545,0.2503596497068232,
1.016,4.090131837364539,0.2484027509134414,
1.0170000000000001,4.126223551525758,0.24647234627506864,
1.018,4.162441931197939,0.24456797640105998,
1.0190000000000001,4.198786089867271,0.24268919115910761,
1.02,4.23525514501602,0.24083554947104416,
1.0210000000000001,4.271848218211384,0.23900661911332868,
1.022,4.308564435189998,0.23720197652212482,
1.0230000000000001,4.345402925938602,0.2354212066028453,
1.024,4.3823628247703885,0.23366390254409206,
1.025,4.419443270397804,0.23192966563585674,
1.026,4.456643406001309,0.23021810509191518,
1.027,4.49396237929454,0.2285288378763015,
1.028,4.53139934258596,0.22686148853377053,
1.029,4.568953452836843,0.22521568902416775,
1.03,4.606623871716009,0.2235910785606023,
1.031,4.644409765651191,0.22198730345134476,
1.032,4.682310305877177,0.22040401694536277,
1.033,4.720324668480825,0.2188408790814081,
1.034,4.758452034443152,0.2172975565405698,
1.035,4.796691589678236,0.21577372250222743,
1.036,4.83504252506957,0.21426905650330208,
1.037,4.87350403650336,0.21278324430075293,
1.038,4.912075324899335,0.211315977737225,
1.039,4.950755596238817,0.20986695460978685,
1.04,4.9895440615903635,0.20843587854167805,
1.041,5.02843993713283,0.20702245885700457,
1.042,5.067442444176279,0.20562641045829952,
1.043,5.1065508091802885,0.20424745370690317,
1.044,5.145764263770383,0.20288531430607057,
1.045,5.1850820447519785,0.201539723186769,
1.046,5.224503394122564,0.20021041639607773,
1.047,5.264027559081605,0.19889713498815081,
1.048,5.303653792038724,0.19759962491766433,
1.049,5.343381350619848,0.19631763693570417,
1.05,5.383209497671666,0.1950509264880261,
1.051,5.423137501264251,0.1937992536156402,
1.052,5.463164634692097,0.1925623828576586,
1.053,5.503290176473442,0.19134008315635864,
1.054,5.543513410348072,0.19013212776440644,
1.055,5.583833625273637,0.18893829415418864,
1.056,5.624250115420522,0.18775836392920509,
1.057,5.664762180165235,0.18659212273747533,
1.058,5.705369124082665,0.1854393601869029,
1.059,5.746070256936731,0.1842998697625671,
1.06,5.786864893670206,0.18317344874587452,
1.061,5.827752354392896,0.18205989813555304,
1.062,5.868731964369136,0.18095902257041663,
1.063,5.909803054003813,0.17987063025388494,
1.064,5.950964958827611,0.17879453288019642,
1.065,5.992217019481079,0.17773054556228807,
1.066,6.033558581697886,0.17667848676129372,
1.067,6.074988996287019,0.17563817821762986,
1.068,6.1165076191141985,0.17460944488362615,
1.069,6.158113811082464,0.17359211485766496,
1.07,6.19980693811187,0.17258601931979917,
1.071,6.2415863711185375,0.1715909924688055,
1.072,6.283451485992885,0.17060687146064707,
1.073,6.325401663577231,0.1696334963483065,
1.074,6.367436289642754,0.1686707100229592,
1.075,6.409554754865692,0.16771835815645916,
1.076,6.451756454803199,0.16677628914509635,
1.077,6.494040789868368,0.16584435405460862,
1.078,6.536407165304937,0.1649224065664075,
1.079,6.578854991161423,0.16401030292499494,
1.08,6.621383682264701,0.16310790188654486,
1.081,6.663992658193258,0.16221506466861577,
1.082,6.7066813432500325,0.1613316549009718,
1.083,6.749449166434685,0.16045753857748982,
1.084,6.79229556141576,0.1595925840091174,
1.085,6.83521996650228,0.1587366617778676,
1.086,6.878221824615161,0.1578896446918186,
1.087,6.921300583258232,0.1570514077410997,
1.088,6.964455694489045,0.1562218280548373,
1.089,7.007686614889417,0.15540078485903933,
1.09,7.050992805535735,0.15458815943539767,
1.091,7.09437373196893,0.15378383508098753,
1.092,7.137828864164507,0.15298769706883694,
1.093,7.181357676502122,0.1521996326093558,
1.094,7.224959647735193,0.15141953081259577,
1.095,7.268634260960206,0.15064728265132818,
1.096,7.312381003586097,0.14988278092491433,
1.097,7.356199367303216,0.14912592022395937,
1.098,7.400088848052604,0.14837659689571808,
1.099,7.444048945994735,0.14763470901025122,
1.1,7.488079165478519,0.146900156327301,
1.101,7.53217901501011,0.1461728402638771,
1.102,7.5763480072217275,0.14545266386253386,
1.103,7.620585658840327,0.14473953176032542,
1.104,7.664891490656421,0.1440333501584187,
1.105,7.709265027492726,0.143334026792354,
1.106,7.753705798173,0.14264147090293341,
1.107,7.79821333549064,0.1419555932077294,
1.108,7.842787176177564,0.14127630587319084,
1.109,7.887426860872966,0.1406035224873398,
1.11,7.932131934092132,0.1399371580330433,
1.111,7.9769019441953475,0.13927712886184535,
1.112,8.021736443356849,0.13862335266834852,
1.113,8.066634987533824,0.13797574846513197,
1.114,8.111597136435536,0.13733423655819316,
1.115,8.156622453492437,0.13669873852290274,
1.116,8.201710505825494,0.13606917718045888,
1.117,8.24686086421548,0.1354454765748324,
1.118,8.29207310307252,0.13482756195018827,
1.119,8.337346800405575,0.13421535972877674,
1.12,8.38268153779219,0.13360879748927967,
1.121,8.428076900348275,0.13300780394560432,
1.122,8.473532476698066,0.1324123089261135,
1.123,8.519047858944132,0.13182224335328324,
1.124,8.564622642637639,0.13123753922377634,
1.125,8.610256426748652,0.13065812958892503,
1.1260000000000001,8.655948813636645,0.1300839485356119,
1.127,8.701699409021106,0.1295149311675409,
1.1280000000000001,8.747507821952397,0.12895101358688887,
1.129,8.793373664782576,0.12839213287633167,
1.1300000000000001,8.839296553136641,0.1278382270814319,
1.131,8.885276105883687,0.12728923519338584,
1.1320000000000001,8.931311945108432,0.12674509713211646,
1.133,8.97740369608273,0.1262057537297094,
1.1340000000000001,9.023550987237444,0.12567114671417995,
1.135,9.06975345013431,0.12514121869356792,
1.1360000000000001,9.116010719438163,0.1246159131403494,
1.137,9.16232243288908,0.12409517437616295,
1.1380000000000001,9.208688231275115,0.12357894755683597,
1.139,9.255107758404714,0.12306717865771531,
1.1400000000000001,9.301580661079777,0.12255981445928384,
1.141,9.348106589068546,0.12205680253306678,
1.1420000000000001,9.394685195078962,0.1215580912278138,
1.143,9.441316134731977,0.12106362965595663,
1.1440000000000001,9.48799906653527,0.1205733676803316,
1.145,9.534733651856937,0.12008725590116569,
1.1460000000000001,9.58151955489961,0.11960524564331562,
1.147,9.628356442674509,0.11912728894376007,
1.1480000000000001,9.67524398497597,0.11865333853933312,
1.149,9.722181854355894,0.11818334785470053,
1.1500000000000001,9.769169726098593,0.11771727099056792,
1.151,9.816207278195714,0.11725506271211927,
1.1520000000000001,9.863294191321494,0.11679667843767864,
1.153,9.910430148807981,0.11634207422759364,
1.154,9.957614836620719,0.11589120677333097,
1.155,10.004847943334443,0.11544403338678413,
1.156,10.052129160109015,0.11500051198978657,
1.157,10.099458180665625,0.11456060110382532,
1.158,10.146834701263106,0.11412425983995274,
1.159,10.194258420674457,0.11369144788889117,
1.16,10.241729040163625,0.11326212551132551,
1.161,10.289246263462415,0.1128362535283818,
1.162,10.336809796747607,0.11241379331228613,
1.163,10.384419348618351,0.11199470677720054,
1.164,10.432074630073538,0.11157895637023396,
1.165,10.479775354489723,0.1111665050626198,
1.166,10.527521237598828,0.11075731634106371,
1.167,10.575311997466414,0.11035135419925055,
1.168,10.623147354469845,0.10994858312951357,
1.169,10.671027031276857,0.10954896811465781,
1.17,10.718950752824197,0.1091524746199372,
1.171,10.766918246296525,0.10875906858518096,
1.172,10.814929241105395,0.10836871641706736,
1.173,10.862983468868624,0.1079813849815393,
1.174,10.911080663389582,0.10759704159636292,
1.175,10.959220560636952,0.10721565402382127,
1.176,11.007402898724417,0.10683719046354519,
1.177,11.055627417890765,0.10646161954547421,
1.178,11.103893860479921,0.10608891032294915,
1.179,11.15220197092149,0.10571903226592846,
1.18,11.200551495711098,0.10535195525433227,
1.181,11.248942183391316,0.1049876495715043,
1.182,11.297373784532338,0.10462608589779696,
1.183,11.34584605171329,0.10426723530426892,
1.184,11.394358739503307,0.10391106924650081,
1.185,11.442911604443108,0.10355755955852029,
1.186,11.491504405026427,0.10320667844683931,
1.187,11.540136901682006,0.1028583984845961,
1.188,11.588808856755389,0.10251269260580537,
1.189,11.637520034491155,0.1021695340997098,
1.19,11.686270201015121,0.10182889660523434,
1.191,11.735059124316898,0.10149075410553832,
1.192,11.783886574232476,0.1011550809226657,
1.193,11.832752322427039,0.10082185171229051,
1.194,11.881656142377919,0.10049104145855549,
1.195,11.930597809357787,0.10016262546900202,
1.196,11.97957710041782,0.09983657936959112,
1.197,12.028593794371348,0.09951287909980994,
1.198,12.077647671777292,0.09919150090786741,
1.199,12.126738514924025,0.09887242134597242,
1.2,12.175866107813317,0.09855561726569527,
1.201,12.225030236144413,0.09824106581341079,
1.202,12.274230687298225,0.09792874442582124,
1.203,12.323467250321844,0.09761863082555618,
1.204,12.372739715913,0.09731070301685041,
1.205,12.422047876404804,0.09700493928129601,
1.206,12.471391525750606,0.0967013181736683,
1.207,12.520770459509007,0.09639981851782399,
1.208,12.570184474828954,0.0961004194026705,
1.209,12.619633370435137,0.09580310017820372,
1.21,12.66911694661336,0.09550784045161495,
1.211,12.718635005196171,0.09521462008346404,
1.212,12.768187349548533,0.09492341918391846,
1.213,12.817773784553774,0.09463421810905585,
1.214,12.867394116599545,0.0943469974572305,
1.215,12.917048153564,0.09406173806550099,
1.216,12.966735704802069,0.09377842100611872,
1.217,13.016456581131873,0.09349702758307617,
1.218,13.066210594821321,0.09321753932871277,
1.219,13.11599755957477,0.09293993800037889,
1.22,13.165817290519865,0.0926642055771554,
1.221,13.215669604194517,0.09239032425662846,
1.222,13.26555431853392,0.0921182764517188,
1.223,13.315471252857868,0.09184804478756323,
1.224,13.365420227858005,0.091579612098449,
1.225,13.415401065585385,0.09131296142479858,
1.226,13.465413589437986,0.09104807601020522,
1.227,13.515457624148496,0.09078493929851698,
1.228,13.565532995772086,0.09052353493096996,
1.229,13.615639531674441,0.09026384674336767,
1.23,13.665777060519806,0.090005858763308,
1.231,13.71594541225927,0.08974955520745484,
1.232,13.76614441811889,0.08949492047885618,
1.233,13.81637391058838,0.08924193916430363,
1.234,13.866633723409498,0.08899059603173731,
1.235,13.916923691564778,0.08874087602769204,
1.236,13.967243651266266,0.0884927642747855,
1.237,14.017593439944521,0.08824624606924653,
1.238,14.067972896237478,0.08800130687848473,
1.239,14.118381859979689,0.0877579323386981,
1.24,14.168820172191495,0.08751610825252,
1.241,14.219287675068342,0.08727582058670429,
1.242,14.269784211970249,0.0870370554698469,
1.243,14.320309627411376,0.08679979919014448,
1.244,14.370863767049613,0.0865640381931891,
1.245,14.42144647767641,0.08632975907979759,
1.246,14.472057607206573,0.0860969486038762,
1.247,14.522697004668263,0.08586559367031874,
1.248,14.573364520193044,0.08563568133293825,
1.249,14.62406000500606,0.08540719879243155,
1.25,14.674783311416197,0.08518013339437638,
1.2510000000000001,14.725534292806627,0.08495447262725872,
1.252,14.776312803625041,0.08473020412053334,
1.2530000000000001,14.827118699374417,0.0845073156427126,
1.254,14.877951836603454,0.08428579509948733,
1.2550000000000001,14.928812072897466,0.08406563053187545,
1.256,14.979699266869122,0.08384681011440052,
1.2570000000000001,15.030613278149406,0.08362932215329832,
1.258,15.081553967378596,0.08341315508475149,
1.2590000000000001,15.132521196197423,0.08319829747315127,
1.26,15.183514827238197,0.08298473800938669,
1.2610000000000001,15.234534724116115,0.08277246550915991,
1.262,15.285580751420602,0.08256146891132762,
1.2630000000000001,15.336652774706845,0.0823517372762677,
1.264,15.387750660487152,0.08214325978427206,
1.2650000000000001,15.43887427622279,0.08193602573396236,
1.266,15.490023490315512,0.08173002454073187,
1.2670000000000001,15.541198172099469,0.08152524573520964,
1.268,15.592398191832974,0.08132167896174922,
1.2690000000000001,15.643623420690503,0.08111931397693968,
1.27,15.69487373075475,0.08091814064813932,
1.2710000000000001,15.746148995008687,0.080718148952032,
1.272,15.797449087327713,0.08051932897320518,
1.2730000000000001,15.848773882472072,0.08032167090274868,
1.274,15.900123256078968,0.08012516503687615,
1.2750000000000001,15.951497084655227,0.0799298017755653,
1.276,16.00289524556958,0.07973557162122037,
1.2770000000000001,16.05431761704535,0.07954246517735335,
1.278,16.105764078153,0.0793504731472858,
1.2790000000000001,16.15723450880297,0.07915958633286908,
1.28,16.208728789738313,0.0789697956332247,
1.281,16.260246802527682,0.07878109204350246,
1.282,16.311788429558174,0.07859346665365771,
1.283,16.363353554028333,0.07840691064724632,
1.284,16.414942059941243,0.0782214153002375,
1.285,16.46655383209761,0.07803697197984436,
1.286,16.518188756089074,0.07785357214337098,
1.287,16.569846718291277,0.0776712073370778,
1.288,16.621527605857406,0.07748986919506186,
1.289,16.673231306711468,0.07730954943815475,
1.29,16.72495770954178,0.07713023987283629,
1.291,16.776706703794478,0.07695193239016376,
1.292,16.828478179667158,0.07677461896471699,
1.293,16.88027202810246,0.07659829165355862,
1.294,16.932088140781847,0.07642294259520958,
1.295,16.983926410119313,0.07624856400863918,
1.296,17.035786729255307,0.07607514819226978,
1.297,17.087668992050514,0.07590268752299609,
1.298,17.13957309307992,0.07573117445521824,
1.299,17.19149892762676,0.07556060151988872,
1.3,17.243446391676652,0.07539096132357306,
1.301,17.29541538191157,0.0752222465475245,
1.302,17.347405795704272,0.07505444994677034,
1.303,17.399417531112384,0.0748875643492128,
1.304,17.451450486872673,0.07472158265474235,
1.305,17.50350456239551,0.07455649783436277,
1.306,17.555579657759235,0.07439230292932952,
1.307,17.607675673704566,0.07422899105029993,
1.308,17.65979251162923,0.0740665553764951,
1.309,17.71193007358238,0.07390498915487442,
1.31,17.76408826225936,0.0737442856993205,
1.311,17.816266980996275,0.07358443838983657,
1.312,17.868466133764823,0.0734254406717543,
1.313,17.920685625166904,0.07326728605495368,
1.314,17.97292536042963,0.0731099681130924,
1.315,18.02518524540005,0.07295348048284732,
1.316,18.07746518654019,0.07279781686316536,
1.317,18.129765090921904,0.07264297101452571,
1.318,18.18208486622204,0.07248893675821129,
1.319,18.234424420717357,0.07233570797559123,
1.32,18.286783663279756,0.07218327860741239,
1.321,18.33916250337135,0.0720316426531013,
1.322,18.391560851039788,0.07188079417007498,
1.323,18.443978616913327,0.07173072727306215,
1.324,18.49641571219634,0.07158143613343251,
1.325,18.54887204866449,0.07143291497853638,
1.326,18.60134753866023,0.07128515809105224,
1.327,18.653842095088113,0.0711381598083444,
1.328,18.70635563141043,0.07099191452182774,
1.329,18.75888806164252,0.07084641667634287,
1.33,18.811439300348546,0.0707016607695381,
1.331,18.86400926263693,0.07055764135126089,
1.332,18.916597864156067,0.07041435302295702,
1.333,18.96920502108999,0.0702717904370778,
1.334,19.021830650154097,0.07012994829649549,
1.335,19.074474668590902,0.06998882135392623,
1.336,19.127136994165877,0.06984840441136089,
1.337,19.17981754516323,0.06970869231950358,
1.338,19.232516240381862,0.06956967997721727,
1.339,19.285232999131185,0.06943136233097744,
1.34,19.33796774122721,0.06929373437433205,
1.341,19.390720386988416,0.06915679114736961,
1.342,19.443490857231886,0.0690205277361936,
1.343,19.496279073269275,0.06888493927240426,
1.344,19.54908495690302,0.0687500209325868,
1.345,19.601908430422395,0.06861576793780672,
1.346,19.654749416599756,0.0684821755531115,
1.347,19.707607838686673,0.06834923908703903,
1.348,19.760483620410298,0.06821695389113208,
1.349,19.813376685969498,0.0680853153594597,
1.35,19.866286960031328,0.06795431892814414,
1.351,19.919214367727236,0.06782396007489465,
1.352,19.972158834649584,0.06769423431854663,
1.353,20.025120286847944,0.0675651372186074,
1.354,20.07809865082563,0.06743666437480735,
1.355,20.131093853536125,0.06730881142665715,
1.356,20.184105822379703,0.06718157405301038,
1.357,20.2371344851998,0.06705494797163238,
1.358,20.290179770279735,0.0669289289387739,
1.359,20.3432416063393,0.06680351274875054,
1.36,20.39631992253135,0.06667869523352785,
1.361,20.449414648438506,0.06655447226231116,
1.362,20.502525714069872,0.0664308397411411,
1.363,20.555653049857714,0.06630779361249409,
1.364,20.608796586654293,0.0661853298548878,
1.365,20.66195625572858,0.06606344448249184,
1.366,20.715131988763154,0.06594213354474313,
1.367,20.76832371785096,0.0658213931259664,
1.368,20.821531375492327,0.065701219344999,
1.369,20.874754894591668,0.06558160835482131,
1.37,20.927994208454656,0.06546255634219053,
1.371,20.981249250784927,0.06534405952728052,
1.372,21.034519955681304,0.0652261141633247,
1.373,21.08780625763463,0.06510871653626461,
1.374,21.141108091524963,0.06499186296440197,
1.375,21.194425392618506,0.06487554979805579,
1.3760000000000001,21.247758096564816,0.06475977341922308,
1.377,21.301106139393845,0.0646445302412443,
1.3780000000000001,21.35446945751307,0.06452981670847285,
1.379,21.407847987704784,0.0644156292959481,
1.3800000000000001,21.461241667123215,0.0643019645090732,
1.381,21.51465043329169,0.06418881888329665,
1.3820000000000001,21.56807422410003,0.06407618898379727,
1.383,21.62151297780162,0.06396407140517404,
1.3840000000000001,21.674966633010936,0.06385246277113851,
1.385,21.72843512870065,0.06374135973421213,
1.3860000000000001,21.781918404199185,0.06363075897542628,
1.387,21.83541639918782,0.06352065720402704,
1.3880000000000001,21.888929053698348,0.0634110511571823,
1.389,21.942456308110287,0.06330193759969359,
1.3900000000000001,21.995998103148455,0.0631933133237104,
1.391,22.049554379880316,0.06308517514844898,
1.3920000000000001,22.10312507971356,0.06297751991991349,
1.393,22.156710144393493,0.06287034451062144,
1.3940000000000001,22.210309516000695,0.0627636458193317,
1.395,22.263923136948456,0.06265742077077624,
1.3960000000000001,22.31755094998037,0.06255166631539506,
1.397,22.37119289816798,0.062446379429073856,
1.3980000000000001,22.42484892490833,0.062341557112885436,
1.399,22.478518973921556,0.06223719639283394,
1.4000000000000001,22.532202989248663,0.06213329431960186,
1.401,22.58590091524907,0.06202984796830055,
1.4020000000000001,22.639612696598423,0.06192685443822319,
1.403,22.693338278286127,0.06182431085260141,
1.4040000000000001,22.747077605613292,0.06172221435836379,
1.405,22.8008306241903,0.061620562125898164,
1.4060000000000001,22.854597279934758,0.06151935134881597,
1.407,22.908377519069067,0.06141857924372012,
1.408,22.9621712881184,0.06131824304997492,
1.409,23.015978533908505,0.061218340029478985,
1.41,23.069799203563466,0.06111886746644093,
1.411,23.12363324450369,0.06101982266715737,
1.412,23.177480604443616,0.060921202959794064,
1.413,23.231341231389845,0.06082300569416867,
1.414,23.285215073638856,0.06072522824153711,
1.415,23.339102079775085,0.060627867994381565,
1.416,23.39300219866874,0.06053092236620156,
1.417,23.44691537947391,0.06043438879130692,
1.418,23.500841571626484,0.060338264724613476,
1.419,23.554780724842132,0.060242547641441074,
1.42,23.608732789114377,0.06014723503731382,
1.421,23.66269771471267,0.06005232442776252,
1.422,23.71667545218031,0.05995781334812985,
1.423,23.770665952332664,0.059863699353377105,
1.424,23.82466916625516,0.059769980017893735,
1.425,23.87868504530144,0.059676652935308695,
1.426,23.932713541091413,0.05958371571830419,
1.427,23.98675460550958,0.05949116599843101,
1.428,24.040808190702865,0.05939900142592712,
1.429,24.094874249079123,0.05930721966953676,
1.43,24.148952733305066,0.059215818416332944,
1.431,24.203043596304596,0.05912479537154121,
1.432,24.25714679125699,0.0590341482583655,
1.433,24.311262271595144,0.058943874817816114,
1.434,24.36538999100372,0.058853972808539774,
1.435,24.41952990341756,0.05876444000665095,
1.436,24.473681963019818,0.05867527420556589,
1.437,24.527846124240334,0.05858647321583791,
1.438,24.582022341753852,0.05849803486499488,
1.439,24.636210570478482,0.0584099569973781,
1.44,24.690410765573837,0.05832223747398366,
1.441,24.744622882439504,0.05823487417230486,
1.442,24.798846876713394,0.058147864986176696,
1.443,24.853082704270037,0.058061207825622234,
1.444,24.907330321219046,0.05797490061670029,
1.445,24.96158968390347,0.05788894130135515,
1.446,25.01586074889819,0.05780332783726773,
1.447,25.070143473008375,0.05771805819770853,
1.448,25.12443781326792,0.05763313037139196,
1.449,25.1787437269379,0.05754854236233252,
1.45,25.233061171504907,0.057464292189702705,
1.451,25.287390104679762,0.05738037788769168,
1.452,25.34173048439576,0.057296797505366606,
1.453,25.39608226880736,0.057213549106534506,
1.454,25.450445416288485,0.057130630769606436,
1.455,25.50481988543131,0.05704804058746227,
1.456,25.55920563504455,0.05696577666731786,
1.457,25.613602624152165,0.05688383713059295,
1.458,25.668010811991813,0.05680222011278094,
1.459,25.722430158013516,0.0567209237633197,
1.46,25.77686062187815,0.056639946245464146,
1.461,25.83130216345614,0.05655928573615986,
1.462,25.885754742825938,0.05647894042591837,
1.463,25.940218320272756,0.05639890851869349,
1.464,25.994692856287088,0.05631918823175925,
1.465,26.04917831156347,0.05623977779558877,
1.466,26.10367464699899,0.056160675453734966,
1.467,26.158181823692047,0.05608187946271195,
1.468,26.21269980294099,0.05600338809187807,
1.469,26.26722854624278,0.05592519962332011,
1.47,26.321768015291724,0.05584731235173863,
1.471,26.376318171978095,0.05576972458433467,
1.472,26.43087897838695,0.05569243464069747,
1.473,26.485450396796793,0.055615440852693515,
1.474,26.540032389678267,0.05553874156435679,
1.475,26.594624919692997,0.05546233513177998,
1.476,26.649227949692225,0.05538621992300705,
1.477,26.703841442715706,0.055310394317926774,
1.478,26.75846536199033,0.05523485670816753,
1.479,26.813099670929027,0.05515960549699308,
1.48,26.867744333129483,0.055084639099199494,
1.481,26.922399312372992,0.055009955941013114,
1.482,26.97706457262319,0.054935554459989704,
1.483,27.031740078024995,0.054861433104914335,
1.484,27.08642579290328,0.054787590335702845,
1.485,27.141121681761845,0.05471402462330372,
1.486,27.195827709282174,0.05464073444960145,
1.487,27.250543840322415,0.054567718307320455,
1.488,27.305270039916017,0.05449497469993073,
1.489,27.360006273270834,0.054422502141553544,
1.49,27.41475250576793,0.054350299156868606,
1.491,27.469508702960386,0.054278364281022444,
1.492,27.524274830572296,0.05420669605953712,
1.493,27.57905085449766,0.05413529304822025,
1.494,27.633836740799246,0.05406415381307596,
1.495,27.688632455707616,0.05399327693021644,
1.496,27.743437965619943,0.053922660985774876,
1.497,27.79825323709902,0.0538523045758189,
1.498,27.853078236872175,0.05378220630626503,
1.499,27.907912931830275,0.053712364792793975,
1.5,27.962757289026655,0.05364277866076679,
1.5010000000000001,28.017611275676092,0.05357344654514197,
1.502,28.07247485915377,0.053504367090393294,
1.5030000000000001,28.127348006994353,0.05343553895042835,
1.504,28.18223068689085,0.053366960788508326,
1.5050000000000001,28.237122866693714,0.0532986312771681,
1.506,28.29202451440984,0.0532305490981374,
1.5070000000000001,28.346935598201558,0.0531627129422628,
1.508,28.40185608638566,0.05309512150943033,
1.5090000000000001,28.456785947432465,0.05302777350848896,
1.51,28.511725149964846,0.05296066765717478,
1.5110000000000001,28.56667366275724,0.052893802682036146,
1.512,28.62163145473477,0.05282717731835917,
1.5130000000000001,28.67659849497227,0.05276079031009438,
1.514,28.73157475269333,0.052694640409783874,
1.5150000000000001,28.786560197269484,0.052628726378489074,
1.516,28.84155479821907,0.05256304698571975,
1.5170000000000001,28.89655852520662,0.05249760100936287,
1.518,28.951571348041668,0.05243238723561303,
1.5190000000000001,29.00659323667807,0.05236740445890298,
1.52,29.061624161213004,0.05230265148183503,
1.5210000000000001,29.11666409188612,0.05223812711511324,
1.522,29.17171299907864,0.05217383017747607,
1.5230000000000001,29.22677085331253,0.05210975949562984,
1.524,29.281837625249597,0.05204591390418276,
1.5250000000000001,29.336913285690667,0.05198229224557963,
1.526,29.391997805574697,0.05191889337003719,
1.5270000000000001,29.447091155977965,0.05185571613548011,
1.528,29.502193308113206,0.051792759407477504,
1.5290000000000001,29.55730423332885,0.05173002205918015,
1.53,29.61242390310804,0.05166750297125847,
1.5310000000000001,29.667552289067988,0.05160520103184073,
1.532,29.722689362959077,0.05154311513645211,
1.5330000000000001,29.777835096664024,0.05148124418795442,
1.534,29.832989462197197,0.05141958709648607,
1.5350000000000001,29.88815243170366,0.051358142779403086,
1.536,29.943323977458494,0.05129691016122023,
1.537,29.998504071865995,0.051235888173552985,
1.538,30.053692687458902,0.05117507575505994,
1.539,30.108889796897543,0.05111447185138591,
1.54,30.164095372969218,0.05105407541510532,
1.541,30.219309388587295,0.05099388540566642,
1.542,30.274531816790518,0.05093390078933585,
1.543,30.32976263074226,0.050874120539143766,
1.544,30.385001803729807,0.05081454363482946,
1.545,30.440249309163494,0.05075516906278771,
1.546,30.49550512057617,0.050695995816015214,
1.547,30.550769211622278,0.050637022894058005,
1.548,30.60604155607722,0.05057824930295911,
1.549,30.661322127836666,0.050519674055206534,
1.55,30.716610900915807,0.05046129616968215,
1.551,30.771907849448585,0.050403114671610884,
1.552,30.82721294768715,0.05034512859251004,
1.553,30.882526170000936,0.050287336970139866,
1.554,30.93784749087626,0.0502297388484536,
1.555,30.993176884915325,0.050172333277549004,
1.556,31.04851432683578,0.05011511931361952,
1.557,31.103859791469873,0.05005809601890637,
1.558,31.159213253763916,0.05000126246165088,
1.559,31.21457468877752,0.04994461771604732,
1.56,31.26994407168295,0.04988816086219628,
1.561,31.325321377764524,0.04983189098605819,
1.562,31.380706582417872,0.04977580717940764,
1.563,31.436099661149346,0.04971990853978781,
1.564,31.491500589575356,0.049664194170465525,
1.565,31.546909343421763,0.04960866318038656,
1.566,31.602325898523173,0.04955331468413158,
1.567,31.657750230822334,0.049498147801872276,
1.568,31.713182316369615,0.04944316165932785,
1.569,31.76862213132214,0.04938835538772237,
1.57,31.824069651943443,0.04933372812374179,
1.571,31.879524854602675,0.049279279009492,
1.572,31.934987715774113,0.049225007192456795,
1.573,31.990458212036394,0.049170911825456735,
1.574,32.04593632007209,0.04911699206660782,
1.575,32.101422016666994,0.04906324707928088,
1.576,32.15691527870964,0.04900967603206125,
1.577,32.21241608319053,0.04895627809870893,
1.578,32.26792440720177,0.0489030524581188,
1.579,32.32344022793631,0.04884999829428154,
1.58,32.37896352268747,0.0487971147962447,
1.581,32.43449426884833,0.048744401158074144,
1.582,32.49003244391122,0.04869185657881588,
1.583,32.54557802546702,0.04863948026245831,
1.584,32.60113099120477,0.04858727141789456,
1.585,32.65669131891095,0.04853522925888553,
1.586,32.71225898646911,0.04848335300402284,
1.587,32.767833971859105,0.048431641876692536,
1.588,32.82341625315678,0.04838009510503876,
1.589,32.87900580853317,0.048328711921928086,
1.59,32.93460261625428,0.048277491564913684,
1.591,32.99020665468025,0.048226433276200416,
1.592,33.04581790226497,0.04817553630260983,
1.593,33.10143633755558,0.048124799895545474,
1.594,33.15706193919189,0.048074223310958696,
1.595,33.212694685905845,0.04802380580931468,
1.596,33.268334556521026,0.04797354665555879,
1.597,33.32398152995221,0.04792344511908299,
1.598,33.37963558520479,0.04787350047369296,
1.599,33.43529670137423,0.047823711997575284,
1.6,33.490964857645636,0.04777407897326484,
1.601,33.546640033293244,0.047724600687612626,
1.602,33.602322207679954,0.04767527643175376,
1.603,33.65801136025673,0.04762610550107595,
1.604,33.71370747056224,0.04757708719518798,
1.605,33.76941051822223,0.04752822081788872,
1.606,33.82512048294924,0.04747950567713607,
1.607,33.88083734454193,0.047430941085016644,
1.608,33.936561082884744,0.047382526357715254,
1.609,33.99229167794727,0.047334260815485106,
1.61,34.048029109784025,0.04728614378261769,
1.611,34.103773358533765,0.047238174587413514,
1.612,34.15952440441909,0.04719035256215282,
1.613,34.21528222774603,0.047142677043066385,
1.614,34.27104680890356,0.04709514737030693,
1.615,34.32681812836307,0.04704776288792059,
1.616,34.38259616667811,0.047000522943818485,
1.617,34.43838090448371,0.04695342688974889,
1.618,34.49417232249612,0.04690647408126928,
1.619,34.54997040151218,0.046859663877718984,
1.62,34.60577512240916,0.046812995642191525,
1.621,34.661586466143994,0.046766468741508006,
1.622,34.71740441375315,0.04672008254618976,
1.623,34.77322894635197,0.04667383643043213,
1.624,34.82906004513433,0.04662772977207794,
1.625,34.884897691372295,0.04658176195259112,
1.6260000000000001,34.940741866415564,0.04653593235703113,
1.627,34.99659255169113,0.0464902403740269,
1.6280000000000001,35.05244972870285,0.04644468539575154,
1.629,35.10831337903099,0.046399266817896946,
1.6300000000000001,35.164183484331886,0.046353984039648743,
1.631,35.2200600263375,0.04630883646366136,
1.6320000000000001,35.27594298685501,0.04626382349603348,
1.633,35.33183234776637,0.046218944546283516,
1.6340000000000001,35.387728091028045,0.04617419902732532,
1.635,35.443630198670434,0.04612958635544427,
1.6360000000000001,35.499538652797646,0.04608510595027325,
1.637,35.5554534355869,0.04604075723476929,
1.6380000000000001,35.61137452928841,0.04599653963518972,
1.639,35.66730191622472,0.04595245258106933,
1.6400000000000001,35.72323557879054,0.045908495505197024,
1.641,35.779175499452215,0.045864667843593096,
1.6420000000000001,35.835121660747454,0.04582096903548649,
1.643,35.89107404528483,0.0457773985232924,
1.6440000000000001,35.947032635743575,0.04573395575258985,
1.645,36.002997414873,0.045690640172099756,
1.6460000000000001,36.0589683654923,0.045647451233662824,
1.647,36.11494547049012,0.045604388392217844,
1.6480000000000001,36.17092871282417,0.045561451105780214,
1.649,36.226918075520906,0.04551863883542042,
1.6500000000000001,36.28291354167513,0.04547595104524293,
1.651,36.33891509444963,0.0454333872023651,
1.6520000000000001,36.39492271707492,0.04539094677689626,
1.653,36.4509363928487,0.045348629241917134,
1.6540000000000001,36.50695610513569,0.045306434073459224,
1.655,36.56298183736721,0.04526436075048444,
1.6560000000000001,36.61901357304078,0.04522240875486501,
1.657,36.67505129571983,0.04518057757136335,
1.6580000000000001,36.731094989033444,0.045138866687612175,
1.659,36.78714463667574,0.045097275594095015,
1.6600000000000001,36.843200222405954,0.045055803784126276,
1.661,36.899261730047634,0.045014450753832355,
1.6620000000000001,36.955329143488754,0.044973216002131916,
1.663,37.011402446681,0.044932099030717224,
1.6640000000000001,37.067481623639715,0.04489109934403494,
1.665,37.123566658443394,0.044850216449267594,
1.666,37.179657535233545,0.04480944985631469,
1.667,37.23575423821413,0.044768799077774535,
1.668,37.29185675165138,0.04472826362892582,
1.669,37.347965059873545,0.044687843027709284,
1.67,37.40407914727041,0.04464753679470998,
1.671,37.46019899829313,0.044607344453139165,
1.672,37.51632459745377,0.04456726552881672,
1.673,37.5724559293251,0.044527299550153505,
1.674,37.62859297854035,0.044487446048133795,
1.675,37.68473572979264,0.044447704556298255,
1.676,37.740884167835006,0.044408074610726406,
1.677,37.79703827747984,0.04436855575001989,
1.678,37.8531980435987,0.04432914751528541,
1.679,37.90936345112206,0.044289849450117956,
1.68,37.96553448503877,0.04425066110058438,
1.681,38.02171113039619,0.044211582015206474,
1.682,38.07789337229937,0.04417261174494514,
1.683,38.13408119591128,0.044133749843183606,
1.684,38.19027458645207,0.04409499586571174,
1.685,38.246473529199086,0.044056349370709826,
1.686,38.30267800948644,0.044017809918732775,
1.687,38.35888801270478,0.043979377072694385,
1.688,38.41510352430093,0.04394105039785176,
1.689,38.47132452977775,0.043902829461789715,
1.69,38.52755101469368,0.043864713834405565,
1.691,38.58378296466264,0.043826703087893694,
1.692,38.64002036535357,0.04378879679673061,
1.693,38.69626320249029,0.043750994537659835,
1.694,38.75251146185128,0.04371329588967689,
1.695,38.80876512926916,0.04367570043401481,
1.696,38.86502419063061,0.04363820775412931,
1.697,38.92128863187616,0.04360081743568412,
1.698,38.97755843899973,0.04356352906653676,
1.699,39.0338335980485,0.043526342236724136,
1.7,39.09011409512262,0.04348925653844826,
1.701,39.146399916374925,0.04345227156606226,
1.702,39.20269104801064,0.043415386916056335,
1.703,39.258987476287274,0.0433786021870438,
1.704,39.31528918751417,0.0433419169797474,
1.705,39.3715961680524,0.043305330896985614,
1.706,39.42790840431435,0.04326884354365911,
1.707,39.484225882763695,0.043232454526737164,
1.708,39.540548589914906,0.04319616345524446,
1.709,39.59687651233315,0.04315996994024773,
1.71,39.65320963663402,0.043123873594842606,
1.711,39.70954794948327,0.043087874034140564,
1.712,39.765891437596565,0.043051970875256015,
1.713,39.82224008773926,0.043016163737293375,
1.714,39.87859388672608,0.04298045224133439,
1.715,39.934952821421014,0.04294483601042538,
1.716,39.99131687873697,0.042909314669564734,
1.717,40.04768604563558,0.04287388784569039,
1.718,40.10406030912694,0.04283855516766752,
1.719,40.160439656269425,0.042803316266276176,
1.72,40.21682407416935,0.04276817077419918,
1.721,40.273213549980916,0.04273311832600991,
1.722,40.32960807090571,0.04269815855816047,
1.723,40.38600762419281,0.04266329110896952,
1.724,40.44241219713824,0.042628515618610724,
1.725,40.49882177708501,0.04259383172910075,
1.726,40.55523635142263,0.042559239084287916,
1.727,40.611655907587156,0.04252473732984029,
1.728,40.668080433060695,0.0424903261132345,
1.729,40.72450991537148,0.04245600508374414,
1.73,40.78094434209338,0.042421773892428585,
1.731,40.837383700845756,0.04238763219212182,
1.732,40.893827979293405,0.042353579637421035,
1.733,40.95027716514614,0.04231961588467592,
1.734,41.00673124615867,0.04228574059197741,
1.735,41.06319021013037,0.04225195341914696,
1.736,41.11965404490503,0.042218254027725714,
1.737,41.17612273837074,0.04218464208096368,
1.738,41.232596278459596,0.04215111724380917,
1.739,41.289074653147516,0.04211767918289818,
1.74,41.345557850454014,0.04208432756654397,
1.741,41.40204585844205,0.042051062064726516,
1.742,41.45853866521773,0.042017882349082346,
1.743,41.51503625893025,0.04198478809289407,
1.744,41.57153862777149,0.04195177897108039,
1.745,41.628045759976004,0.041918854660185856,
1.746,41.68455764382069,0.041886014838370886,
1.747,41.7410742676247,0.04185325918540176,
1.748,41.79759561974911,0.04182058738264075,
1.749,41.85412168859687,0.041787999113036316,
1.75,41.910652462612425,0.04175549406111338,
1.7510000000000001,41.96718793028177,0.04172307191296351,
1.752,42.023728080131974,0.04169073235623549,
1.7530000000000001,42.08027290073122,0.0416584750801257,
1.754,42.136822380688464,0.04162629977536863,
1.7550000000000001,42.193376508653365,0.0415942061342275,
1.756,42.249935273315984,0.04156219385048493,
1.7570000000000001,42.306498663406636,0.04153026261943374,
1.758,42.363066667695726,0.04149841213786763,
1.7590000000000001,42.41963927499358,0.04146664210407212,
1.76,42.47621647415017,0.0414349522178155,
1.7610000000000001,42.532798254055,0.041403342180339836,
1.762,42.58938460363698,0.04137181169435192,
1.7630000000000001,42.64597551186406,0.04134036046401462,
1.764,42.702570967743256,0.041308988194937814,
1.7650000000000001,42.759170960320304,0.041277694594169904,
1.766,42.81577547867964,0.04124647937018891,
1.7670000000000001,42.872384511944055,0.041215342232894046,
1.768,42.928998049274654,0.04118428289359697,
1.7690000000000001,42.985616079870596,0.041153301065013505,
1.77,43.04223859296898,0.04112239646125498,
1.7710000000000001,43.098865577844606,0.041091568797820055,
1.772,43.15549702380983,0.0410608177915863,
1.7730000000000001,43.21213292021448,0.041030143160801884,
1.774,43.26877325644548,0.040999544625077586,
1.7750000000000001,43.325418021926936,0.040969021905378385,
1.776,43.3820672061197,0.04093857472401565,
1.7770000000000001,43.43872079852146,0.04090820280463887,
1.778,43.49537878866636,0.04087790587222787,
1.7790000000000001,43.55204116612498,0.040847683653084804,
1.78,43.60870792050409,0.04081753587482636,
1.7810000000000001,43.66537904144648,0.04078746226637592,
1.782,43.7220545186309,0.04075746255795578,
1.7830000000000001,43.778734341771774,0.04072753648107955,
1.784,43.83541850061904,0.040697683768544525,
1.7850000000000001,43.89210698495819,0.040667904154423916,
1.786,43.9487997846098,0.040638197374059576,
1.7870000000000001,44.005496889429594,0.04060856316405438,
1.788,44.06219828930825,0.04057900126226476,
1.7890000000000001,44.11890397417116,0.04054951140779352,
1.79,44.17561393397834,0.040520093340982284,
1.7910000000000001,44.23232815872431,0.040490746803404386,
1.792,44.289046638437796,0.04046147153785763,
1.793,44.345769363181745,0.040432267288357054,
1.794,44.402496323053114,0.040403133800127854,
1.795,44.459227508182664,0.040374070819598304,
1.796,44.51596290873484,0.04034507809439279,
1.797,44.572702514907604,0.0403161553733248,
1.798,44.6294463169324,0.04028730240638991,
1.799,44.686194305073855,0.040258518944759056,
1.8,44.74294646962967,0.04022980474077166,
1.801,44.79970280093054,0.040201159547928765,
1.802,44.856463289339956,0.04017258312088643,
1.803,44.91322792525401,0.040144075215448966,
1.804,44.96999669910139,0.04011563558856228,
1.805,45.02676960134306,0.04008726399830736,
1.806,45.08354662247233,0.04005896020389358,
1.807,45.14032775301444,0.040030723965652416,
1.808,45.197112983526694,0.04000255504503074,
1.809,45.253902304598085,0.03997445320458462,
1.81,45.31069570684942,0.0399464182079727,
1.811,45.36749318093287,0.039918449819950165,
1.812,45.42429471753208,0.03989054780636222,
1.813,45.48110030736188,0.03986271193413796,
1.814,45.53790994116826,0.03983494197128412,
1.815,45.59472360972814,0.03980723768687896,
1.816,45.65154130384929,0.039779598851066106,
1.817,45.708363014370185,0.03975202523504848,
1.818,45.76518873215989,0.039724516611082256,
1.819,45.82201844811785,0.03969707275247094,
1.82,45.8788521531738,0.039669693433559375,
1.821,45.9356898382877,0.03964237842972774,
1.822,45.992531494449544,0.03961512751738577,
1.823,46.04937711267916,0.03958794047396698,
1.824,46.10622668402624,0.03956081707792269,
1.825,46.16308019957005,0.03953375710871645,
1.826,46.21993765041942,0.039506760346818215,
1.827,46.2767990277125,0.03947982657369874,
1.828,46.33366432261686,0.039452955571823795,
1.829,46.390533526329044,0.03942614712464877,
1.83,46.447406630074674,0.03939940101661297,
1.831,46.50428362510824,0.03937271703313413,
1.832,46.56116450271303,0.03934609496060291,
1.833,46.61804925420092,0.039319534586377436,
1.834,46.67493787091231,0.03929303569877795,
1.835,46.73183034421602,0.039266598087081286,
1.836,46.78872666550916,0.039240221541515644,
1.837,46.845626826216886,0.03921390585325531,
1.838,46.90253081779249,0.039187650814415206,
1.839,46.95943863171715,0.03916145621804581,
1.84,47.01635025949974,0.03913532185812795,
1.841,47.07326569267694,0.0391092475295675,
1.842,47.1301849228129,0.03908323302819035,
1.843,47.18710794149921,0.03905727815073731,
1.844,47.24403474035485,0.03903138269485892,
1.845,47.30096531102585,0.03900554645911065,
1.846,47.35789964518551,0.038979769242947576,
1.847,47.41483773453394,0.03895405084671972,
1.848,47.47177957079822,0.038928391071666894,
1.849,47.52872514573212,0.038902789719913886,
1.85,47.58567445111604,0.038877246594465606,
1.851,47.64262747875692,0.03885176149920218,
1.852,47.69958422048809,0.038826334238874195,
1.853,47.756544668169155,0.0388009646190979,
1.854,47.81350881368595,0.03877565244635044,
1.855,47.87047664895034,0.03875039752796518,
1.856,47.927448165900195,0.03872519967212695,
1.857,47.98442335649918,0.038700058687867536,
1.858,48.04140221273675,0.038674974385060866,
1.859,48.09838472662796,0.03864994657441855,
1.86,48.15537089021347,0.038624975067485245,
1.861,48.212360695559276,0.03860005967663417,
1.862,48.26935413475672,0.0385752002150626,
1.863,48.32635119992237,0.0385503964967873,
1.864,48.38335188319792,0.03852564833664018,
1.865,48.44035617674996,0.038500955550263866,
1.866,48.49736407277014,0.03847631795410722,
1.867,48.554375563474736,0.03845173536542111,
1.868,48.611390641104826,0.03842720760225395,
1.869,48.66840929792607,0.03840273448344745,
1.87,48.72543152622851,0.0383783158286324,
1.871,48.78245731832669,0.03835395145822428,
1.872,48.83948666655939,0.03832964119341915,
1.873,48.89651956328953,0.038305384856189416,
1.874,48.953556000904236,0.038281182269279575,
1.875,49.01059597181442,0.038257033256202326,
1.8760000000000001,49.0676394684551,0.03823293764123408,
1.877,49.124686483284876,0.03820889524941124,
1.8780000000000001,49.18173700878619,0.03818490590652583,
1.879,49.238791037465,0.03816096943912167,
1.8800000000000001,49.295848561850775,0.03813708567449025,
1.881,49.35290957449632,0.03811325444066682,
1.8820000000000001,49.409974067977856,0.038089475566426306,
1.883,49.467042034894725,0.038065748881279504,
1.8840000000000001,49.524113467869384,0.03804207421546911,
1.885,49.58118835954735,0.038018451399965784,
1.8860000000000001,49.63826670259695,0.03799488026646445,
1.887,49.69534848970952,0.03797136064738018,
1.8880000000000001,49.75243371359896,0.03794789237584469,
1.889,49.809522367001904,0.037924475285702315,
1.8900000000000001,49.86661444267751,0.03790110921150635,
1.891,49.923709933407366,0.03787779398851532,
1.8920000000000001,49.98080883199551,0.03785452945268915,
1.893,50.03791113126812,0.03783131544068565,
1.8940000000000001,50.09501682407369,0.037808151789856644,
1.895,50.15212590328273,0.03778503833824444,
1.8960000000000001,50.20923836178778,0.037761974924578195,
1.897,50.26635419250331,0.03773896138827028,
1.8980000000000001,50.32347338836563,0.03771599756941265,
1.899,50.38059594233268,0.03769308330877346,
1.9000000000000001,50.437721847384225,0.037670218447793294,
1.901,50.49485109652143,0.03764740282858185,
1.9020000000000001,50.551983682767066,0.03762463629391428,
1.903,50.60911959916522,0.037601918687227856,
1.9040000000000001,50.66625883878131,0.037579249852618436,
1.905,50.723401394701945,0.03755662963483709,
1.9060000000000001,50.78054726003494,0.0375340578792866,
1.907,50.837696427909044,0.037511534432018226,
1.9080000000000001,50.89484889147414,0.037489059139728116,
1.909,50.95200464390077,0.03746663184975427,
1.9100000000000001,51.00916367838048,0.037444252410072876,
1.911,51.06632598812544,0.037421920669295235,
1.9120000000000001,51.12349156636847,0.03739963647666442,
1.913,51.18066040636287,0.03737739968205202,
1.9140000000000001,51.237832501382535,0.03735521013595482,
1.915,51.295007844721646,0.037333067689491684,
1.9160000000000001,51.352186429694754,0.03731097219440028,
1.917,51.409368249636536,0.03728892350303397,
1.9180000000000001,51.466553297901996,0.037266921468358485,
1.919,51.523741567866004,0.03724496594394902,
1.92,51.58093305292351,0.03722305678398692,
1.921,51.63812774648942,0.037201193843256604,
1.922,51.695325641998366,0.03717937697714253,
1.923,51.752526732904784,0.03715760604162612,
1.924,51.80973101268278,0.037135880893282645,
1.925,51.86693847482605,0.03711420138927828,
1.926,51.92414911284777,0.03709256738736703,
1.927,51.981362920280674,0.0370709787458877,
1.928,52.0385798906767,0.03704943532376107,
1.929,52.09580001760718,0.03702793698048677,
1.93,52.15302329466263,0.03700648357614039,
1.931,52.2102497154527,0.03698507497137063,
1.932,52.26747927360609,0.036963711027396276,
1.933,52.324711962770515,0.03694239160600342,
1.934,52.381947776612584,0.036921116569542486,
1.935,52.439186708817765,0.036899885780925464,
1.936,52.49642875309026,0.03687869910362303,
1.937,52.55367390315298,0.036857556401661745,
1.938,52.61092215274746,0.03683645753962123,
1.939,52.66817349563379,0.036815402382631396,
1.94,52.72542792559052,0.03679439079636966,
1.941,52.782685436414575,0.03677342264705827,
1.942,52.8399460219213,0.03675249780146137,
1.943,52.897209675944175,0.036731616126882576,
1.944,52.954476392334975,0.03671077749116199,
1.945,53.01174616496359,0.03668998176267367,
1.946,53.06901898771786,0.03666922881032297,
1.947,53.126294854503726,0.03664851850354373,
1.948,53.18357375924497,0.03662785071229585,
1.949,53.24085569588325,0.0366072253070625,
1.95,53.29814065837795,0.03658664215884759,
1.951,53.35542864070619,0.036566101139173184,
1.952,53.41271963686271,0.03654560212007684,
1.953,53.470013640859904,0.03652514497410912,
1.954,53.527310646727514,0.03650472957433106,
1.955,53.584610648512815,0.03648435579431161,
1.956,53.64191364028044,0.036464023508125054,
1.957,53.69921961611229,0.03644373259034864,
1.958,53.756528570107555,0.03642348291605993,
1.959,53.81384049638254,0.03640327436083451,
1.96,53.87115538907071,0.036383106800743345,
1.961,53.928473242322454,0.03636298011235054,
1.962,53.985794050305294,0.0363428941727107,
1.963,54.04311780720349,0.03632284885936667,
1.964,54.1004445072183,0.03630284405034704,
1.965,54.1577741445677,0.03628287962416379,
1.966,54.215106713486286,0.036262955459810016,
1.967,54.27244220822552,0.036243071436757306,
1.968,54.329780623053225,0.03622322743495374,
1.969,54.38712195225391,0.03620342333482128,
1.97,54.44446619012845,0.036183659017253594,
1.971,54.50181333099422,0.03616393436361368,
1.972,54.559163369184816,0.036144249255731654,
1.973,54.61651629905022,0.036124603575902386,
1.974,54.673872114956566,0.036104997206883274,
1.975,54.731230811286174,0.036085430031892025,
1.976,54.788592382437436,0.03606590193460436,
1.977,54.84595682282475,0.036046412799151856,
1.978,54.9033241268786,0.036026962510119595,
1.979,54.96069428904527,0.036007550952544154,
1.98,55.018067303786935,0.03598817801191128,
1.981,55.07544316558162,0.035968843574153746,
1.982,55.13282186892294,0.035949547525649266,
1.983,55.19020340832035,0.035930289753218186,
1.984,55.247587778298815,0.03591107014412153,
1.985,55.30497497339893,0.03589188858605871,
1.986,55.36236498817673,0.03587274496716557,
1.987,55.41975781720376,0.03585363917601211,
1.988,55.47715345506687,0.03583457110160058,
1.989,55.53455189636831,0.035815540633363264,
1.99,55.59195313572559,0.035796547661160465,
1.991,55.64935716777141,0.03577759207527848,
1.992,55.70676398715359,0.035758673766427544,
1.993,55.764173588535165,0.035739792625739744,
1.994,55.82158596659415,0.035720948544767046,
1.995,55.8790011160235,0.03570214141547936,
1.996,55.93641903153124,0.03568337113026236,
1.997,55.993839707840124,0.03566463758191573,
1.998,56.05126313968784,0.035645940663650975,
1.999,56.108689321826795,0.03562728026908964,
2,56.16611824902413,0.035608656292261204,